STATION,NAME,DATE,AWND,PGTM,PRCP,SNOW,SNWD,TAVG,TMAX,TMIN,WDF2,WDF5,WSF2,WSF5,WT01,WT02,WT03,WT07,WT08
USW00003171,"RIVERSIDE MUNICIPAL AIRPORT, CA US",1/1/2019,4.3,,0,0,0,,12.8,5.6,30,350,9.8,15.7,,,,,
USW00003171,"RIVERSIDE MUNICIPAL AIRPORT, CA US",1/2/2019,3.6,,0,0,0,,17.2,3.9,20,10,8.1,13.4,,,,,
USW00003171,"RIVERSIDE MUNICIPAL AIRPORT, CA US",1/3/2019,1.7,,0,0,0,,20.6,2.8,40,30,4.5,5.8,,,,,
USW00003171,"RIVERSIDE MUNICIPAL AIRPORT, CA US",1/4/2019,1.8,,0,0,0,,20.6,1.7,280,270,4,5.8,,,,,
USW00003171,"RIVERSIDE MUNICIPAL AIRPORT, CA US",1/5/2019,1.2,,4.8,,0,,13.3,6.1,90,90,4.5,5.4,1,,,,
USW00003171,"RIVERSIDE MUNICIPAL AIRPORT, CA US",1/6/2019,1.4,,0.5,,0,,14.4,8.3,260,280,6.3,7.6,1,,,,1
USW00003171,"RIVERSIDE MUNICIPAL AIRPORT, CA US",1/7/2019,0.5,,0,0,0,,16.1,8.9,120,140,5.4,7.2,,,,,
USW00003171,"RIVERSIDE MUNICIPAL AIRPORT, CA US",1/8/2019,1.8,,0,0,0,,22.8,8.3,250,40,4.5,6.3,,,,,
USW00003171,"RIVERSIDE MUNICIPAL AIRPORT, CA US",1/9/2019,1.7,,0,0,0,,20.6,6.1,270,270,7.2,9.4,1,,,,1
USW00003171,"RIVERSIDE MUNICIPAL AIRPORT, CA US",1/10/2019,1,,0,0,0,,19.4,6.1,270,270,4.5,7.6,1,,,,1
USW00003171,"RIVERSIDE MUNICIPAL AIRPORT, CA US",1/11/2019,1.1,,0,0,0,,20.6,6.1,280,270,4,4.9,1,1,,,1
USW00003171,"RIVERSIDE MUNICIPAL AIRPORT, CA US",1/12/2019,1.6,,9.7,,0,,13.9,7.8,260,270,7.6,9.8,1,,,,
USW00003171,"RIVERSIDE MUNICIPAL AIRPORT, CA US",1/13/2019,1.6,,0,0,0,,17.8,3.3,80,90,5.4,6.7,,,,,
USW00003171,"RIVERSIDE MUNICIPAL AIRPORT, CA US",1/14/2019,1.6,,8.9,,0,,13.3,8.3,120,120,5.8,8.5,1,,,,
USW00003171,"RIVERSIDE MUNICIPAL AIRPORT, CA US",1/15/2019,2,,13.5,,0,,14.4,8.9,130,130,9.4,11.2,1,,,,
USW00003171,"RIVERSIDE MUNICIPAL AIRPORT, CA US",1/16/2019,1.2,,11.9,0,0,,16.7,11.1,170,140,5.4,6.7,1,,,,
USW00003171,"RIVERSIDE MUNICIPAL AIRPORT, CA US",1/17/2019,2.1,,14.2,0,0,,16.7,11.7,250,270,8.9,10.7,1,,,,
USW00003171,"RIVERSIDE MUNICIPAL AIRPORT, CA US",1/18/2019,1,,0,0,0,,17.2,10,40,100,3.6,4.9,1,,,,
USW00003171,"RIVERSIDE MUNICIPAL AIRPORT, CA US",1/19/2019,2.6,,0,0,0,,25.6,7.8,20,60,4.5,7.2,,,,,
USW00003171,"RIVERSIDE MUNICIPAL AIRPORT, CA US",1/20/2019,1.6,,0,0,0,,22.8,7.8,270,280,5.4,6.7,,,,,
USW00003171,"RIVERSIDE MUNICIPAL AIRPORT, CA US",1/21/2019,3.5,,0,,0,,16.1,6.7,260,260,9.4,11.6,,,,,
USW00003171,"RIVERSIDE MUNICIPAL AIRPORT, CA US",1/22/2019,5.5,,0,0,0,,17.8,8.3,350,350,11.2,17,,,,,
USW00003171,"RIVERSIDE MUNICIPAL AIRPORT, CA US",1/23/2019,1.3,,0,0,0,,20.6,5,50,50,4.5,7.6,,,,,
USW00003171,"RIVERSIDE MUNICIPAL AIRPORT, CA US",1/24/2019,3.9,,0,0,0,,23.3,5.6,20,30,7.6,11.6,,,,,
USW00003171,"RIVERSIDE MUNICIPAL AIRPORT, CA US",1/25/2019,3.8,,0,0,0,,24.4,6.1,30,10,8.1,12.5,,,,,
USW00003171,"RIVERSIDE MUNICIPAL AIRPORT, CA US",1/26/2019,4.7,,0,0,0,,25.6,13.9,360,360,8.9,15.2,,,,,
USW00003171,"RIVERSIDE MUNICIPAL AIRPORT, CA US",1/27/2019,2.1,,0,0,0,,25,7.8,270,270,5.4,6.3,,,,,
USW00003171,"RIVERSIDE MUNICIPAL AIRPORT, CA US",1/28/2019,1.2,,0,0,0,,23.3,6.7,270,270,4,5.4,,,,,
USW00003171,"RIVERSIDE MUNICIPAL AIRPORT, CA US",1/29/2019,1.3,,0,0,0,,21.7,11.1,280,270,5.4,5.8,,,,,1
USW00003171,"RIVERSIDE MUNICIPAL AIRPORT, CA US",1/30/2019,1.3,,0,0,0,,19.4,11.1,270,280,6.7,8.1,1,,,,1
USW00003171,"RIVERSIDE MUNICIPAL AIRPORT, CA US",1/31/2019,1.7,,8.6,,0,,15.6,7.8,270,270,9.4,11.6,1,,1,,1
USW00003171,"RIVERSIDE MUNICIPAL AIRPORT, CA US",2/1/2019,1.7,,0.5,,0,,16.7,5,270,270,5.8,6.3,1,,,,
USW00003171,"RIVERSIDE MUNICIPAL AIRPORT, CA US",2/2/2019,3,,23.6,,0,,14.4,8.9,270,170,10.3,14.8,1,,,,
USW00003171,"RIVERSIDE MUNICIPAL AIRPORT, CA US",2/3/2019,1.5,,5.8,,0,,13.3,7.2,270,270,5.4,6.7,1,,,,
USW00003171,"RIVERSIDE MUNICIPAL AIRPORT, CA US",2/4/2019,2.3,,12.4,,0,,13.3,8.3,250,270,8.1,10.3,1,,,,
USW00003171,"RIVERSIDE MUNICIPAL AIRPORT, CA US",2/5/2019,3.4,,5.3,,0,,11.7,5.6,250,240,8.1,10.7,1,,,,
USW00003171,"RIVERSIDE MUNICIPAL AIRPORT, CA US",2/6/2019,1.7,,0,0,0,,12.8,0.6,250,220,6.3,7.6,,,,,
USW00003171,"RIVERSIDE MUNICIPAL AIRPORT, CA US",2/7/2019,2.4,,0,0,0,,16.1,0.6,110,110,6.7,8.5,,,,,
USW00003171,"RIVERSIDE MUNICIPAL AIRPORT, CA US",2/8/2019,1.7,,0,0,0,,16.1,1.1,270,270,5.8,7.2,,,,,
USW00003171,"RIVERSIDE MUNICIPAL AIRPORT, CA US",2/9/2019,1.9,,3.6,,0,,13.9,5,270,250,5.8,7.6,1,,,,
USW00003171,"RIVERSIDE MUNICIPAL AIRPORT, CA US",2/10/2019,2.4,,3,,0,,12.2,4.4,240,250,9.8,12.1,1,,,,1
USW00003171,"RIVERSIDE MUNICIPAL AIRPORT, CA US",2/11/2019,1.3,,0,0,0,,16.1,0.6,160,160,4,5.4,,,,,
USW00003171,"RIVERSIDE MUNICIPAL AIRPORT, CA US",2/12/2019,1.4,,0,0,0,,18.9,1.7,110,120,4,4.9,,,,,
USW00003171,"RIVERSIDE MUNICIPAL AIRPORT, CA US",2/13/2019,2,,1.5,,0,,15,8.3,180,180,4.5,6.3,1,,,,
USW00003171,"RIVERSIDE MUNICIPAL AIRPORT, CA US",2/14/2019,3.1,,68.1,,0,,15.6,8.9,260,250,14.3,18.8,1,,,,
USW00003171,"RIVERSIDE MUNICIPAL AIRPORT, CA US",2/15/2019,2.6,,2.3,,0,,15,8.3,250,250,7.2,8.9,1,,,,
USW00003171,"RIVERSIDE MUNICIPAL AIRPORT, CA US",2/16/2019,2.8,,0,0,0,,14.4,6.1,240,250,7.6,9.8,,,,,
USW00003171,"RIVERSIDE MUNICIPAL AIRPORT, CA US",2/17/2019,2.7,,0.5,,0,,12.2,3.3,250,250,10.3,13.9,1,,,,
USW00003171,"RIVERSIDE MUNICIPAL AIRPORT, CA US",2/18/2019,1.5,,0,0,0,,14.4,1.1,30,40,6.7,9.4,,,,,
USW00003171,"RIVERSIDE MUNICIPAL AIRPORT, CA US",2/19/2019,2.5,,0,,0,,13.9,1.7,60,30,6.7,10.3,,,,,
USW00003171,"RIVERSIDE MUNICIPAL AIRPORT, CA US",2/20/2019,1.1,,1.3,,0,,11.1,1.7,280,300,4,4.9,1,,,,
USW00003171,"RIVERSIDE MUNICIPAL AIRPORT, CA US",2/21/2019,2.2,,8.9,,0,,12.8,2.2,30,30,7.6,11.2,1,,1,,
USW00003171,"RIVERSIDE MUNICIPAL AIRPORT, CA US",2/22/2019,2.9,,0,0,0,,14.4,0.6,40,80,8.9,13.4,,,,,
USW00003171,"RIVERSIDE MUNICIPAL AIRPORT, CA US",2/23/2019,1.8,,0,0,0,,16.1,1.1,260,270,6.3,7.2,,,,,
USW00003171,"RIVERSIDE MUNICIPAL AIRPORT, CA US",2/24/2019,1.6,,0,0,0,,18.9,3.3,260,280,5.4,6.7,,,,,
USW00003171,"RIVERSIDE MUNICIPAL AIRPORT, CA US",2/25/2019,1.7,,0,0,0,,19.4,6.1,270,240,5.8,6.7,,,,,
USW00003171,"RIVERSIDE MUNICIPAL AIRPORT, CA US",2/26/2019,2.1,,0,0,0,,19.4,5.6,270,280,4.5,6.7,,,,,
USW00003171,"RIVERSIDE MUNICIPAL AIRPORT, CA US",2/27/2019,1.3,,0,,0,,17.8,7.8,270,260,5.4,6.3,1,,,,1
USW00003171,"RIVERSIDE MUNICIPAL AIRPORT, CA US",2/28/2019,1.8,,0,0,0,,20,11.7,270,270,7.2,9.4,1,,,,1
USW00003171,"RIVERSIDE MUNICIPAL AIRPORT, CA US",3/1/2019,1.6,,0,0,0,,18.3,12.2,270,270,5.4,6.3,1,,,,1
USW00003171,"RIVERSIDE MUNICIPAL AIRPORT, CA US",3/2/2019,2,,16,0,0,,17.2,12.2,250,240,6.3,8.5,1,,,,1
USW00003171,"RIVERSIDE MUNICIPAL AIRPORT, CA US",3/3/2019,2.4,,0,0,0,,17.2,10.6,280,270,7.2,8.5,1,,,,1
USW00003171,"RIVERSIDE MUNICIPAL AIRPORT, CA US",3/4/2019,1.3,,0,0,0,,17.2,8.3,270,270,5.8,7.2,,,,,
USW00003171,"RIVERSIDE MUNICIPAL AIRPORT, CA US",3/5/2019,2.5,,0,,0,,20.6,5.6,250,250,7.6,9.8,1,,1,,
USW00003171,"RIVERSIDE MUNICIPAL AIRPORT, CA US",3/6/2019,1.6,,17.5,0,0,,16.7,10.6,130,140,6.7,8.5,1,,1,,
USW00003171,"RIVERSIDE MUNICIPAL AIRPORT, CA US",3/7/2019,3.1,,0.5,,0,,16.1,8.9,260,260,8.9,11.2,1,,,,
USW00003171,"RIVERSIDE MUNICIPAL AIRPORT, CA US",3/8/2019,3.7,,1,,0,,15,6.7,250,240,9.4,12.1,1,,,,
USW00003171,"RIVERSIDE MUNICIPAL AIRPORT, CA US",3/9/2019,2.2,,0,0,0,,15.6,5.6,270,270,7.6,8.9,,,,,
USW00003171,"RIVERSIDE MUNICIPAL AIRPORT, CA US",3/10/2019,1.7,,0,0,0,,15.6,6.1,270,270,5.8,6.7,,,,,
USW00003171,"RIVERSIDE MUNICIPAL AIRPORT, CA US",3/11/2019,3.1,,0.3,,0,,17.8,3.9,10,30,7.6,13.9,,,,,
USW00003171,"RIVERSIDE MUNICIPAL AIRPORT, CA US",3/12/2019,2.9,,1,,0,,19.4,9.4,250,250,8.1,11.6,1,,,,
USW00003171,"RIVERSIDE MUNICIPAL AIRPORT, CA US",3/13/2019,2.1,,0,,0,,18.3,7.8,270,270,7.2,8.9,,,,,
USW00003171,"RIVERSIDE MUNICIPAL AIRPORT, CA US",3/14/2019,5.1,,0,0,0,,19.4,10,30,40,9.8,15.7,,,,,
USW00003171,"RIVERSIDE MUNICIPAL AIRPORT, CA US",3/15/2019,3.2,,0,0,0,,22.8,5,10,360,8.1,14.3,,,,,
USW00003171,"RIVERSIDE MUNICIPAL AIRPORT, CA US",3/16/2019,2.3,,0,0,0,,26.1,8.3,360,360,7.6,11.2,,,,,
USW00003171,"RIVERSIDE MUNICIPAL AIRPORT, CA US",3/17/2019,1.9,,0,0,0,,28.3,7.8,280,100,6.3,7.6,,,,,
USW00003171,"RIVERSIDE MUNICIPAL AIRPORT, CA US",3/18/2019,2,,0,0,0,,27.8,9.4,270,270,8.1,10.3,,,,,
USW00003171,"RIVERSIDE MUNICIPAL AIRPORT, CA US",3/19/2019,2.2,,0,0,0,,22.8,10.6,270,260,8.9,10.7,,,,,
USW00003171,"RIVERSIDE MUNICIPAL AIRPORT, CA US",3/20/2019,1.2,,0,,0,,18.3,9.4,270,270,7.2,8.1,1,,1,,1
USW00003171,"RIVERSIDE MUNICIPAL AIRPORT, CA US",3/21/2019,1.8,,0,,0,,15,7.2,270,270,5.8,6.7,,,,,
USW00003171,"RIVERSIDE MUNICIPAL AIRPORT, CA US",3/22/2019,1.6,,0,0,0,,18.3,8.3,280,270,6.3,8.1,,,,,
USW00003171,"RIVERSIDE MUNICIPAL AIRPORT, CA US",3/23/2019,1.7,,0,0,0,,18.9,7.8,270,270,6.7,8.5,,,,,
USW00003171,"RIVERSIDE MUNICIPAL AIRPORT, CA US",3/24/2019,1.2,,0,0,0,,21.7,8.9,270,280,5.4,6.3,,,,,
USW00003171,"RIVERSIDE MUNICIPAL AIRPORT, CA US",3/25/2019,1.9,,0,0,0,,26.1,7.8,270,270,7.6,9.4,1,,,,
USW00003171,"RIVERSIDE MUNICIPAL AIRPORT, CA US",3/26/2019,1.5,,0,0,0,,23.9,8.9,280,280,6.7,7.6,,,,,
USW00003171,"RIVERSIDE MUNICIPAL AIRPORT, CA US",3/27/2019,2.1,,0,0,0,,21.1,9.4,270,250,7.2,9.4,1,,,,1
USW00003171,"RIVERSIDE MUNICIPAL AIRPORT, CA US",3/28/2019,2,,0,0,0,,21.1,10.6,270,270,8.1,9.8,,,,,
USW00003171,"RIVERSIDE MUNICIPAL AIRPORT, CA US",3/29/2019,2.2,,0,0,0,,22.2,7.2,270,280,6.3,8.5,,,,,
USW00003171,"RIVERSIDE MUNICIPAL AIRPORT, CA US",3/30/2019,2.1,,0,0,0,,27.8,7.8,270,280,7.6,9.4,,,,,1
USW00003171,"RIVERSIDE MUNICIPAL AIRPORT, CA US",3/31/2019,2.2,,0,0,0,,28.9,10.6,30,40,6.3,9.4,,,,,1
USW00003171,"RIVERSIDE MUNICIPAL AIRPORT, CA US",4/1/2019,2.2,,0,0,0,,28.3,11.7,270,250,8.1,10.3,,,,,
USW00003171,"RIVERSIDE MUNICIPAL AIRPORT, CA US",4/2/2019,2.8,,0,0,0,,22.8,9.4,280,280,9.4,13,,,,,
USW00003171,"RIVERSIDE MUNICIPAL AIRPORT, CA US",4/3/2019,2.3,,0.3,0,0,,20.6,12.2,280,270,6.7,8.9,1,,,,
USW00003171,"RIVERSIDE MUNICIPAL AIRPORT, CA US",4/4/2019,2.5,,0,0,0,,20.6,10,270,280,8.1,9.8,,,,,
USW00003171,"RIVERSIDE MUNICIPAL AIRPORT, CA US",4/5/2019,2.9,,0,0,0,,19.4,11.1,260,250,8.1,10.7,,,,,
USW00003171,"RIVERSIDE MUNICIPAL AIRPORT, CA US",4/6/2019,1.6,,0,0,0,,22.2,11.1,280,270,7.2,9.4,,,,,
USW00003171,"RIVERSIDE MUNICIPAL AIRPORT, CA US",4/7/2019,1.6,,0,0,0,,29.4,10.6,270,270,5.8,6.7,,,,,
USW00003171,"RIVERSIDE MUNICIPAL AIRPORT, CA US",4/8/2019,2.2,,0,0,0,,32.2,13.9,270,260,7.2,9.4,,,,,
USW00003171,"RIVERSIDE MUNICIPAL AIRPORT, CA US",4/9/2019,3.3,,0,0,0,,26.7,13.3,230,280,9.8,13,,,,,
USW00003171,"RIVERSIDE MUNICIPAL AIRPORT, CA US",4/10/2019,2.6,,0,0,0,,25,8.3,260,270,8.9,10.3,,,,,
USW00003171,"RIVERSIDE MUNICIPAL AIRPORT, CA US",4/11/2019,2.1,,0,0,0,,23.3,8.3,270,270,7.6,10.7,,,,,
USW00003171,"RIVERSIDE MUNICIPAL AIRPORT, CA US",4/12/2019,3,,0,0,0,,24.4,8.9,250,270,9.4,12.1,,,,,
USW00003171,"RIVERSIDE MUNICIPAL AIRPORT, CA US",4/13/2019,2.6,,0,0,0,,27.8,9.4,250,260,9.4,11.6,,,,,
USW00003171,"RIVERSIDE MUNICIPAL AIRPORT, CA US",4/14/2019,2.6,,0,0,0,,25.6,10.6,260,270,8.1,10.7,,,,,
USW00003171,"RIVERSIDE MUNICIPAL AIRPORT, CA US",4/15/2019,2.7,,0,0,0,,23.9,9.4,280,270,8.9,11.2,,,,,
USW00003171,"RIVERSIDE MUNICIPAL AIRPORT, CA US",4/16/2019,1.8,,0,0,0,,18.9,11.1,280,280,7.6,10.3,,,,,
USW00003171,"RIVERSIDE MUNICIPAL AIRPORT, CA US",4/17/2019,2.2,,0,0,0,,27.8,9.4,250,260,9.8,11.6,,,,,
USW00003171,"RIVERSIDE MUNICIPAL AIRPORT, CA US",4/18/2019,2.6,,0,0,0,,32.2,10.6,280,280,8.1,11.2,,,,,
USW00003171,"RIVERSIDE MUNICIPAL AIRPORT, CA US",4/19/2019,2.9,,0,0,0,,30,12.2,270,270,10.3,13,,,,,
USW00003171,"RIVERSIDE MUNICIPAL AIRPORT, CA US",4/20/2019,2.6,,0,0,0,,20,12.2,280,270,7.6,9.8,1,,,,1
USW00003171,"RIVERSIDE MUNICIPAL AIRPORT, CA US",4/21/2019,2.4,,0,0,0,,22.2,11.7,250,240,8.1,10.7,,,,,
USW00003171,"RIVERSIDE MUNICIPAL AIRPORT, CA US",4/22/2019,2.5,,0,0,0,,26.1,8.9,270,270,9.4,11.2,,,,,
USW00003171,"RIVERSIDE MUNICIPAL AIRPORT, CA US",4/23/2019,2.6,,0,0,0,,32.2,11.7,280,280,10.3,13.4,,,,,
USW00003171,"RIVERSIDE MUNICIPAL AIRPORT, CA US",4/24/2019,1.9,,0,0,0,,30,13.3,280,270,7.2,9.8,,,,,
USW00003171,"RIVERSIDE MUNICIPAL AIRPORT, CA US",4/25/2019,2.2,,0,0,0,,31.1,12.2,270,270,8.1,10.7,1,,,,1
USW00003171,"RIVERSIDE MUNICIPAL AIRPORT, CA US",4/26/2019,2.9,,0,0,0,,27.8,11.7,270,270,8.1,10.3,1,1,,,1
USW00003171,"RIVERSIDE MUNICIPAL AIRPORT, CA US",4/27/2019,2.3,,0,0,0,,23.9,12.8,280,280,6.7,8.1,1,,,,1
USW00003171,"RIVERSIDE MUNICIPAL AIRPORT, CA US",4/28/2019,2.4,,0,0,0,,25.6,13.9,270,270,9.8,13,1,,,,1
USW00003171,"RIVERSIDE MUNICIPAL AIRPORT, CA US",4/29/2019,2.9,,0.3,0,0,,19.4,12.2,280,270,8.1,9.8,1,,,,
USW00003171,"RIVERSIDE MUNICIPAL AIRPORT, CA US",4/30/2019,3.4,,0,0,0,,20.6,12.8,270,230,7.2,9.8,,,,,1
USW00003171,"RIVERSIDE MUNICIPAL AIRPORT, CA US",5/1/2019,2.3,,0,0,0,,23.9,11.1,270,280,7.2,9.8,,,,,
USW00003171,"RIVERSIDE MUNICIPAL AIRPORT, CA US",5/2/2019,2,,0,0,0,,25.6,10.6,270,280,7.2,9.4,,,,,
USW00003171,"RIVERSIDE MUNICIPAL AIRPORT, CA US",5/3/2019,2.3,,0,0,0,,26.7,11.1,260,270,7.6,9.8,1,,,,1
USW00003171,"RIVERSIDE MUNICIPAL AIRPORT, CA US",5/4/2019,2.3,,0,0,0,,27.2,10.6,270,270,7.6,9.8,1,1,,,1
USW00003171,"RIVERSIDE MUNICIPAL AIRPORT, CA US",5/5/2019,3.3,,0,0,0,,25,12.2,270,270,10.7,13,,,,,1
USW00003171,"RIVERSIDE MUNICIPAL AIRPORT, CA US",5/6/2019,3.2,,0,0,0,,22.2,12.8,250,270,8.9,10.7,,,,,
USW00003171,"RIVERSIDE MUNICIPAL AIRPORT, CA US",5/7/2019,2.7,,0,0,0,,19.4,12.8,270,280,6.3,8.1,1,,,,1
USW00003171,"RIVERSIDE MUNICIPAL AIRPORT, CA US",5/8/2019,2.8,,0,0,0,,19.4,13.3,270,270,6.3,7.6,,,,,1
USW00003171,"RIVERSIDE MUNICIPAL AIRPORT, CA US",5/9/2019,2.6,,0,0,0,,18.9,13.3,280,270,5.8,6.7,1,,,,1
USW00003171,"RIVERSIDE MUNICIPAL AIRPORT, CA US",5/10/2019,1,,0,0,0,,18.9,12.8,280,280,6.3,7.6,1,,,,
USW00003171,"RIVERSIDE MUNICIPAL AIRPORT, CA US",5/11/2019,1.8,,0,0,0,,26.1,12.2,260,270,8.1,11.2,1,,,,
USW00003171,"RIVERSIDE MUNICIPAL AIRPORT, CA US",5/12/2019,2.3,,0,0,0,,27.2,12.2,270,270,8.9,12.5,,,,,
USW00003171,"RIVERSIDE MUNICIPAL AIRPORT, CA US",5/13/2019,2.1,,0,0,0,,25,13.9,270,280,6.7,8.9,1,,,,
USW00003171,"RIVERSIDE MUNICIPAL AIRPORT, CA US",5/14/2019,2.1,,0,0,0,,28.9,15,270,280,8.1,9.8,1,,,,1
USW00003171,"RIVERSIDE MUNICIPAL AIRPORT, CA US",5/15/2019,3.6,,0,0,0,,23.3,13.9,270,270,9.8,13.4,1,,,,1
USW00003171,"RIVERSIDE MUNICIPAL AIRPORT, CA US",5/16/2019,3.1,,0.3,0,0,,20.6,12.2,250,250,10.7,13.9,1,,,,1
USW00003171,"RIVERSIDE MUNICIPAL AIRPORT, CA US",5/17/2019,2.3,,0,0,0,,22.2,10,270,270,7.6,10.3,,,,,
USW00003171,"RIVERSIDE MUNICIPAL AIRPORT, CA US",5/18/2019,2.7,,0,,0,,23.9,9.4,270,270,8.9,10.7,,,,,
USW00003171,"RIVERSIDE MUNICIPAL AIRPORT, CA US",5/19/2019,3.7,,0.3,0,0,,20,10,240,270,9.8,12.5,1,,,,
USW00003171,"RIVERSIDE MUNICIPAL AIRPORT, CA US",5/20/2019,2.6,,,0,0,,21.1,10,270,270,7.2,9.8,,,,,
USW00003171,"RIVERSIDE MUNICIPAL AIRPORT, CA US",5/21/2019,3,,0,0,0,,20,10.6,230,250,10.3,12.1,,,,,
USW00003171,"RIVERSIDE MUNICIPAL AIRPORT, CA US",5/22/2019,1.4,,10.2,0,0,,20.6,10,250,240,6.7,9.4,1,,1,,
USW00003171,"RIVERSIDE MUNICIPAL AIRPORT, CA US",5/23/2019,1.1,,0,0,0,,16.1,9.4,270,270,4,4.9,,,,,
USW00003171,"RIVERSIDE MUNICIPAL AIRPORT, CA US",5/24/2019,2.6,,0,0,0,,26.7,8.9,270,270,8.9,10.7,,,,,
USW00003171,"RIVERSIDE MUNICIPAL AIRPORT, CA US",5/25/2019,2.9,,0,0,0,,23.9,10.6,280,270,9.8,12.5,,,,,
USW00003171,"RIVERSIDE MUNICIPAL AIRPORT, CA US",5/26/2019,3.2,,0.5,0,0,,16.1,11.1,270,270,7.6,10.3,,,,,
USW00003171,"RIVERSIDE MUNICIPAL AIRPORT, CA US",5/27/2019,2.1,,0,0,0,,21.1,8.3,260,270,7.2,9.4,,,,,
USW00003171,"RIVERSIDE MUNICIPAL AIRPORT, CA US",5/28/2019,1.9,,0,0,0,,25,8.9,270,280,6.7,9.4,,,,,
USW00003171,"RIVERSIDE MUNICIPAL AIRPORT, CA US",5/29/2019,2.3,,0,0,0,,29.4,11.7,270,280,8.9,10.7,,,,,
USW00003171,"RIVERSIDE MUNICIPAL AIRPORT, CA US",5/30/2019,2.7,,0,0,0,,30,12.2,270,270,8.9,11.2,1,,,,1
USW00003171,"RIVERSIDE MUNICIPAL AIRPORT, CA US",5/31/2019,2.6,,0,0,0,,27.2,13.3,270,270,8.9,11.6,1,,,,1
USW00003171,"RIVERSIDE MUNICIPAL AIRPORT, CA US",6/1/2019,3.1,,0,,,,22.8,13.9,270,270,7.6,9.8,,,,,
USW00003171,"RIVERSIDE MUNICIPAL AIRPORT, CA US",6/2/2019,2.7,,0,,0,,22.8,13.9,270,300,6.7,8.9,,,,,
USW00003171,"RIVERSIDE MUNICIPAL AIRPORT, CA US",6/3/2019,2.3,,0,,0,,26.1,13.9,270,270,7.2,8.9,,,,,1
USW00003171,"RIVERSIDE MUNICIPAL AIRPORT, CA US",6/4/2019,2.5,,0,,0,,28.3,13.3,270,270,8.1,9.8,1,,,,1
USW00003171,"RIVERSIDE MUNICIPAL AIRPORT, CA US",6/5/2019,2.4,,0,,0,,30.6,13.9,270,280,7.6,10.3,1,,,,1
USW00003171,"RIVERSIDE MUNICIPAL AIRPORT, CA US",6/6/2019,3,,0,,0,,31.7,15.6,270,270,8.9,11.6,1,,,,1
USW00003171,"RIVERSIDE MUNICIPAL AIRPORT, CA US",6/7/2019,2.8,,0,,0,,26.7,15,270,270,8.1,10.3,1,,,,1
USW00003171,"RIVERSIDE MUNICIPAL AIRPORT, CA US",6/8/2019,2.7,,0,,0,,31.7,15.6,270,280,8.1,11.2,1,,,,1
USW00003171,"RIVERSIDE MUNICIPAL AIRPORT, CA US",6/9/2019,2.4,,0,,0,,40,15,260,260,8.9,10.7,1,,,,1
USW00003171,"RIVERSIDE MUNICIPAL AIRPORT, CA US",6/10/2019,1.9,,0,,0,,40.6,17.2,250,260,8.9,11.6,,,,,
USW00003171,"RIVERSIDE MUNICIPAL AIRPORT, CA US",6/11/2019,2.3,,0,,0,,41.7,19.4,280,270,8.9,11.2,,,,,
USW00003171,"RIVERSIDE MUNICIPAL AIRPORT, CA US",6/12/2019,2.9,,0,,0,,35,17.2,280,270,8.9,11.6,,,,,
USW00003171,"RIVERSIDE MUNICIPAL AIRPORT, CA US",6/13/2019,3.4,,0,,0,,28.3,15.6,270,270,8.9,10.7,1,,,,1
USW00003171,"RIVERSIDE MUNICIPAL AIRPORT, CA US",6/14/2019,3,,0,,0,,26.7,15.6,270,270,7.6,10.3,,,,,1
USW00003171,"RIVERSIDE MUNICIPAL AIRPORT, CA US",6/15/2019,2.5,,0,,0,,28.3,15.6,270,270,7.2,8.9,,,,,1
USW00003171,"RIVERSIDE MUNICIPAL AIRPORT, CA US",6/16/2019,2.6,,0,,0,,28.3,16.7,270,270,8.9,11.2,,,,,1
USW00003171,"RIVERSIDE MUNICIPAL AIRPORT, CA US",6/17/2019,3.1,,0,,0,,25.6,15,270,250,8.9,12.1,1,,,,1
USW00003171,"RIVERSIDE MUNICIPAL AIRPORT, CA US",6/18/2019,2.8,,0,,0,,26.7,15,260,250,7.2,9.8,,,,,1
USW00003171,"RIVERSIDE MUNICIPAL AIRPORT, CA US",6/19/2019,2.8,,0,,0,,30.6,15,280,280,8.1,10.3,1,,,,1
USW00003171,"RIVERSIDE MUNICIPAL AIRPORT, CA US",6/20/2019,3,,0,,0,,23.9,16.7,270,260,8.1,10.7,,,,,1
USW00003171,"RIVERSIDE MUNICIPAL AIRPORT, CA US",6/21/2019,3.3,,0,,0,,24.4,16.1,270,270,8.9,10.7,,,,,
USW00003171,"RIVERSIDE MUNICIPAL AIRPORT, CA US",6/22/2019,3.2,,0,,0,,27.8,16.1,270,280,7.2,8.9,,,,,
USW00003171,"RIVERSIDE MUNICIPAL AIRPORT, CA US",6/23/2019,2.7,,0,,0,,32.8,14.4,280,270,8.1,11.2,,,,,
USW00003171,"RIVERSIDE MUNICIPAL AIRPORT, CA US",6/24/2019,2.7,,0,,0,,30,15,280,260,7.2,10.7,1,,,,1
USW00003171,"RIVERSIDE MUNICIPAL AIRPORT, CA US",6/25/2019,2.9,,0,,0,,25,15,270,270,7.2,9.8,1,,,,1
USW00003171,"RIVERSIDE MUNICIPAL AIRPORT, CA US",6/26/2019,,1434,0,,,,27.8,16.7,270,270,8.1,10.7,,,,,
USW00003171,"RIVERSIDE MUNICIPAL AIRPORT, CA US",6/27/2019,2.5,1626,0,,,,31.1,15,270,280,8.1,10.3,1,,,,1
USW00003171,"RIVERSIDE MUNICIPAL AIRPORT, CA US",6/28/2019,2.6,1457,0,,,,32.2,14.4,270,270,8.1,11.2,1,,,,1
USW00003171,"RIVERSIDE MUNICIPAL AIRPORT, CA US",6/29/2019,1.9,1654,0,,,,33.3,15.6,280,280,8.1,9.8,,,,,
USW00003171,"RIVERSIDE MUNICIPAL AIRPORT, CA US",6/30/2019,2.6,1521,0,,,,35.6,17.8,270,270,9.4,12.1,,,,,
USW00003171,"RIVERSIDE MUNICIPAL AIRPORT, CA US",7/1/2019,2.4,,0,0,0,,35,16.1,270,270,8.9,11.6,,,,,
USW00003171,"RIVERSIDE MUNICIPAL AIRPORT, CA US",7/2/2019,2.6,,0,0,0,,32.8,16.1,270,270,9.4,11.2,,,,,
USW00003171,"RIVERSIDE MUNICIPAL AIRPORT, CA US",7/3/2019,2.6,,0,0,0,,30.6,15.6,270,250,8.9,11.2,1,,,,1
USW00003171,"RIVERSIDE MUNICIPAL AIRPORT, CA US",7/4/2019,3.4,,0,0,0,,30,16.1,270,270,8.9,10.7,,,,,1
USW00003171,"RIVERSIDE MUNICIPAL AIRPORT, CA US",7/5/2019,2.8,1530,0,,,,31.1,15,270,270,7.6,9.8,1,,,,1
USW00003171,"RIVERSIDE MUNICIPAL AIRPORT, CA US",7/6/2019,3.4,1534,0,,,,31.1,15.6,280,270,8.9,10.3,1,,,,1
USW00003171,"RIVERSIDE MUNICIPAL AIRPORT, CA US",7/7/2019,3,1601,0,,,,30,16.1,270,270,9.4,11.2,1,,,,1
USW00003171,"RIVERSIDE MUNICIPAL AIRPORT, CA US",7/8/2019,3.1,1658,0,,,,27.8,16.1,280,280,7.6,9.8,,,,,1
USW00003171,"RIVERSIDE MUNICIPAL AIRPORT, CA US",7/9/2019,2.7,1739,0,,,,32.8,15.6,270,270,8.9,10.7,,,,,1
USW00003171,"RIVERSIDE MUNICIPAL AIRPORT, CA US",7/10/2019,2.7,1545,0,,,,33.9,16.7,280,260,8.1,10.3,,,,,1
USW00003171,"RIVERSIDE MUNICIPAL AIRPORT, CA US",7/11/2019,2.3,1618,0,,,,36.1,17.8,270,270,7.6,10.3,,,,,
USW00003171,"RIVERSIDE MUNICIPAL AIRPORT, CA US",7/12/2019,2.4,1451,0,,,,38.3,17.8,270,250,7.6,10.7,,,,,1
USW00003171,"RIVERSIDE MUNICIPAL AIRPORT, CA US",7/13/2019,2.5,1452,0,,,,36.7,19.4,270,280,7.6,9.8,,,,,1
USW00003171,"RIVERSIDE MUNICIPAL AIRPORT, CA US",7/14/2019,2.6,1520,0,,,,38.3,16.7,270,270,9.4,11.2,1,,,,1
USW00003171,"RIVERSIDE MUNICIPAL AIRPORT, CA US",7/15/2019,2,1537,0,,,,37.8,17.2,270,270,8.1,11.6,1,,,,1
USW00003171,"RIVERSIDE MUNICIPAL AIRPORT, CA US",7/16/2019,2.2,1548,0,,,,36.7,18.9,270,270,8.1,10.7,,,,,
USW00003171,"RIVERSIDE MUNICIPAL AIRPORT, CA US",7/17/2019,3.3,1352,0,,,,33.9,16.7,280,270,9.4,12.1,1,,,,1
USW00003171,"RIVERSIDE MUNICIPAL AIRPORT, CA US",7/18/2019,2.7,1434,0,,,,33.3,16.7,280,270,8.9,11.2,,,,,
USW00003171,"RIVERSIDE MUNICIPAL AIRPORT, CA US",7/19/2019,2.7,1540,0,,,,31.7,15.6,260,270,9.8,11.6,1,,,,1
USW00003171,"RIVERSIDE MUNICIPAL AIRPORT, CA US",7/20/2019,2.7,1500,0,,,,32.8,15.6,270,270,8.9,11.2,1,,,,1
USW00003171,"RIVERSIDE MUNICIPAL AIRPORT, CA US",7/21/2019,2.5,1726,0,,,,36.7,16.1,270,280,7.6,10.3,,,,,
USW00003171,"RIVERSIDE MUNICIPAL AIRPORT, CA US",7/22/2019,2.4,1504,0.5,,,,36.7,18.3,270,280,8.9,10.7,,,,,
USW00003171,"RIVERSIDE MUNICIPAL AIRPORT, CA US",7/23/2019,2.4,1639,0,,,,40.6,23.3,270,250,9.8,12.1,,,,,
USW00003171,"RIVERSIDE MUNICIPAL AIRPORT, CA US",7/24/2019,2.8,1629,0,,,,40.6,22.8,270,280,10.3,12.5,,,,,
USW00003171,"RIVERSIDE MUNICIPAL AIRPORT, CA US",7/25/2019,2.5,1629,0,,,,37.8,23.3,270,270,8.1,10.3,,,,,
USW00003171,"RIVERSIDE MUNICIPAL AIRPORT, CA US",7/26/2019,2.5,1447,0,,,,38.3,21.7,280,270,8.9,10.7,,,,,
USW00003171,"RIVERSIDE MUNICIPAL AIRPORT, CA US",7/27/2019,2.6,1438,0,,,,39.4,20.6,280,270,7.6,9.4,,,,,
USW00003171,"RIVERSIDE MUNICIPAL AIRPORT, CA US",7/28/2019,2.3,1341,0,,,,36.7,21.1,270,280,7.6,9.8,,,,,
USW00003171,"RIVERSIDE MUNICIPAL AIRPORT, CA US",7/29/2019,2.7,1253,0,,,,35,17.8,270,270,7.2,9.4,,,,,
USW00003171,"RIVERSIDE MUNICIPAL AIRPORT, CA US",7/30/2019,3,1426,0,,,,34.4,16.7,270,280,8.1,10.7,,,,,
USW00003171,"RIVERSIDE MUNICIPAL AIRPORT, CA US",7/31/2019,3.1,1526,0,,,,34.4,18.3,280,270,8.1,11.2,,,,,
USW00003171,"RIVERSIDE MUNICIPAL AIRPORT, CA US",8/1/2019,2.3,,0,0,0,,36.7,17.8,270,270,8.9,10.7,1,,,,1
USW00003171,"RIVERSIDE MUNICIPAL AIRPORT, CA US",8/2/2019,2.2,,0,0,0,,37.8,17.2,270,270,9.4,11.2,,,,,
USW00003171,"RIVERSIDE MUNICIPAL AIRPORT, CA US",8/3/2019,2.5,,0,0,0,,37.8,19.4,270,270,8.1,9.8,,,,,
USW00003171,"RIVERSIDE MUNICIPAL AIRPORT, CA US",8/4/2019,2.6,,0,0,0,,37.2,18.3,270,270,7.6,9.4,,,,,
USW00003171,"RIVERSIDE MUNICIPAL AIRPORT, CA US",8/5/2019,2.1,,0,0,0,,38.9,18.3,280,280,8.9,10.7,,,,,
USW00003171,"RIVERSIDE MUNICIPAL AIRPORT, CA US",8/6/2019,2.7,,0,0,0,,40.6,17.8,270,270,9.4,10.7,,,,,
USW00003171,"RIVERSIDE MUNICIPAL AIRPORT, CA US",8/7/2019,2.6,,0,0,0,,34.4,18.9,270,250,7.2,9.4,,,,,
USW00003171,"RIVERSIDE MUNICIPAL AIRPORT, CA US",8/8/2019,2.3,,0,0,0,,34.4,16.7,270,260,8.1,11.2,1,,,,1
USW00003171,"RIVERSIDE MUNICIPAL AIRPORT, CA US",8/9/2019,2.1,,0,0,0,,34.4,16.7,270,280,9.4,12.1,,,,,
USW00003171,"RIVERSIDE MUNICIPAL AIRPORT, CA US",8/10/2019,2.5,,0,0,0,,32.8,16.7,270,270,9.4,13,,,,,
USW00003171,"RIVERSIDE MUNICIPAL AIRPORT, CA US",8/11/2019,2.3,,0,0,0,,33.3,16.7,270,280,8.9,11.2,,,,,
USW00003171,"RIVERSIDE MUNICIPAL AIRPORT, CA US",8/12/2019,2.2,,0,0,0,,33.9,16.7,270,250,8.9,11.2,1,,,,1
USW00003171,"RIVERSIDE MUNICIPAL AIRPORT, CA US",8/13/2019,2.2,,0,0,0,,36.7,16.7,270,270,8.1,10.7,1,,,,
USW00003171,"RIVERSIDE MUNICIPAL AIRPORT, CA US",8/14/2019,2.1,,0,0,0,,38.9,18.3,270,270,8.1,10.3,,,,,
USW00003171,"RIVERSIDE MUNICIPAL AIRPORT, CA US",8/15/2019,1.9,,0,0,0,,38.9,17.2,270,280,7.6,9.8,,,,,
USW00003171,"RIVERSIDE MUNICIPAL AIRPORT, CA US",8/16/2019,2.8,,0,0,0,,36.1,16.1,280,270,8.9,11.6,1,,,,1
USW00003171,"RIVERSIDE MUNICIPAL AIRPORT, CA US",8/17/2019,2.6,,0,0,0,,32.2,16.1,270,270,8.1,10.3,1,,,,1
USW00003171,"RIVERSIDE MUNICIPAL AIRPORT, CA US",8/18/2019,2.2,,0,0,0,,32.2,15.6,270,270,6.7,8.9,1,,,,1
USW00003171,"RIVERSIDE MUNICIPAL AIRPORT, CA US",8/19/2019,2.6,,0,0,0,,33.9,16.1,260,280,7.6,10.3,1,,,,1
USW00003171,"RIVERSIDE MUNICIPAL AIRPORT, CA US",8/20/2019,2,,0,0,0,,36.1,16.7,270,280,7.6,9.8,,,,,
USW00003171,"RIVERSIDE MUNICIPAL AIRPORT, CA US",8/21/2019,2,,0,0,0,,38.3,16.7,280,280,7.6,10.7,,,,,
USW00003171,"RIVERSIDE MUNICIPAL AIRPORT, CA US",8/22/2019,2.5,,0,0,0,,34.4,16.1,280,270,8.1,10.3,,,,,
USW00003171,"RIVERSIDE MUNICIPAL AIRPORT, CA US",8/23/2019,2.1,,0,0,0,,33.3,15.6,270,270,6.3,8.5,1,,,,1
USW00003171,"RIVERSIDE MUNICIPAL AIRPORT, CA US",8/24/2019,2.4,,0,0,0,,37.8,18.3,270,280,8.9,11.2,,,,,
USW00003171,"RIVERSIDE MUNICIPAL AIRPORT, CA US",8/25/2019,2.4,,0,0,0,,37.8,19.4,270,270,9.4,11.2,,,,,
USW00003171,"RIVERSIDE MUNICIPAL AIRPORT, CA US",8/26/2019,2.3,,0,0,0,,37.8,21.1,270,270,8.1,10.3,,,,,
USW00003171,"RIVERSIDE MUNICIPAL AIRPORT, CA US",8/27/2019,2.6,,0,0,0,,36.7,20,270,270,7.6,9.8,,,,,
USW00003171,"RIVERSIDE MUNICIPAL AIRPORT, CA US",8/28/2019,2.6,,0,0,0,,33.9,18.9,270,280,7.6,10.3,,,,,
USW00003171,"RIVERSIDE MUNICIPAL AIRPORT, CA US",8/29/2019,2.2,,0,0,0,,36.7,19.4,270,270,7.6,10.7,,,,,
USW00003171,"RIVERSIDE MUNICIPAL AIRPORT, CA US",8/30/2019,1.8,,0,0,0,,37.8,20,270,270,7.6,9.4,,,,,
USW00003171,"RIVERSIDE MUNICIPAL AIRPORT, CA US",8/31/2019,1.6,,0,0,0,,38.9,18.9,280,270,7.2,8.9,,,,,
USW00003171,"RIVERSIDE MUNICIPAL AIRPORT, CA US",9/1/2019,1.7,,0,0,0,,37.8,20,270,280,6.7,8.5,,,,,1
USW00003171,"RIVERSIDE MUNICIPAL AIRPORT, CA US",9/2/2019,2.2,,0,0,0,,38.3,21.7,270,280,9.4,10.7,,,,,
USW00003171,"RIVERSIDE MUNICIPAL AIRPORT, CA US",9/3/2019,2.3,,0,0,0,,37.2,22.2,250,270,7.6,10.3,,,,,
USW00003171,"RIVERSIDE MUNICIPAL AIRPORT, CA US",9/4/2019,2.2,,0,0,0,,40,21.7,260,280,9.4,12.5,,,,,
USW00003171,"RIVERSIDE MUNICIPAL AIRPORT, CA US",9/5/2019,2.1,,0,0,0,,37.8,23.9,270,270,8.9,11.6,,,1,,
USW00003171,"RIVERSIDE MUNICIPAL AIRPORT, CA US",9/6/2019,2.2,,0,0,0,,37.2,21.1,270,270,8.9,11.2,,,,,
USW00003171,"RIVERSIDE MUNICIPAL AIRPORT, CA US",9/7/2019,2.1,,0,0,0,,35.6,18.9,270,270,8.1,10.3,,,,,
USW00003171,"RIVERSIDE MUNICIPAL AIRPORT, CA US",9/8/2019,2,,0,0,0,,29.4,16.1,270,270,6.7,8.5,,,,,
USW00003171,"RIVERSIDE MUNICIPAL AIRPORT, CA US",9/9/2019,2.2,,0,0,0,,31.1,16.7,270,270,8.1,10.3,,,,,
USW00003171,"RIVERSIDE MUNICIPAL AIRPORT, CA US",9/10/2019,2.2,,0.3,0,0,,27.8,16.7,270,260,8.1,10.3,1,,,,1
USW00003171,"RIVERSIDE MUNICIPAL AIRPORT, CA US",9/11/2019,2,,0,0,0,,30.6,16.7,260,250,6.7,8.5,,,,,
USW00003171,"RIVERSIDE MUNICIPAL AIRPORT, CA US",9/12/2019,2.2,,0,0,0,,37.8,15.6,270,250,8.1,10.7,,,,,
USW00003171,"RIVERSIDE MUNICIPAL AIRPORT, CA US",9/13/2019,2.3,,0,0,0,,40.6,17.8,260,250,8.1,10.7,,,,,
USW00003171,"RIVERSIDE MUNICIPAL AIRPORT, CA US",9/14/2019,2.5,,0,0,0,,40,17.2,270,250,8.1,10.7,,,,,
USW00003171,"RIVERSIDE MUNICIPAL AIRPORT, CA US",9/15/2019,2.1,,0,0,0,,37.8,18.3,270,270,9.4,11.6,,,,,
USW00003171,"RIVERSIDE MUNICIPAL AIRPORT, CA US",9/16/2019,2.1,,0,0,0,,32.8,17.8,270,270,8.9,12.5,,,,,
USW00003171,"RIVERSIDE MUNICIPAL AIRPORT, CA US",9/17/2019,1.9,,0,0,0,,31.7,13.9,270,280,6.3,9.4,,,,,
USW00003171,"RIVERSIDE MUNICIPAL AIRPORT, CA US",9/18/2019,1.6,,0,0,0,,31.7,16.1,270,270,7.6,9.8,,,,,
USW00003171,"RIVERSIDE MUNICIPAL AIRPORT, CA US",9/19/2019,2.1,,0,0,0,,28.3,14.4,270,260,8.1,10.3,,,,,
USW00003171,"RIVERSIDE MUNICIPAL AIRPORT, CA US",9/20/2019,1.8,,0,0,0,,30.6,16.1,250,270,7.6,10.3,,,,,
USW00003171,"RIVERSIDE MUNICIPAL AIRPORT, CA US",9/21/2019,1.7,,0,0,0,,36.1,14.4,260,270,7.6,9.4,,,,,
USW00003171,"RIVERSIDE MUNICIPAL AIRPORT, CA US",9/22/2019,2.7,,0,0,0,,36.1,15.6,260,280,8.1,10.3,,,,,
USW00003171,"RIVERSIDE MUNICIPAL AIRPORT, CA US",9/23/2019,2.2,,0,0,0,,32.8,16.7,270,280,9.4,12.1,,,,,
USW00003171,"RIVERSIDE MUNICIPAL AIRPORT, CA US",9/24/2019,2.3,,0,0,0,,38.3,14.4,40,40,8.9,13.4,,,,,
USW00003171,"RIVERSIDE MUNICIPAL AIRPORT, CA US",9/25/2019,2.3,,0,0,0,,33.9,17.2,270,270,7.2,8.9,,,,,
USW00003171,"RIVERSIDE MUNICIPAL AIRPORT, CA US",9/26/2019,2.3,,0,0,0,,25.6,18.3,270,270,6.7,8.5,,,,,
USW00003171,"RIVERSIDE MUNICIPAL AIRPORT, CA US",9/27/2019,2.9,,0,0,0,,24.4,17.8,270,270,5.8,7.2,,,,,
USW00003171,"RIVERSIDE MUNICIPAL AIRPORT, CA US",9/28/2019,2.6,,0,0,0,,24.4,15.6,280,270,7.2,9.4,,,,,
USW00003171,"RIVERSIDE MUNICIPAL AIRPORT, CA US",9/29/2019,1.9,,0,0,0,,24.4,12.2,270,270,6.7,8.1,,,,,
USW00003171,"RIVERSIDE MUNICIPAL AIRPORT, CA US",9/30/2019,1.7,,0,0,0,,25,10,270,280,7.6,9.8,,,,,
USW00003171,"RIVERSIDE MUNICIPAL AIRPORT, CA US",10/1/2019,1.8,,0,0,0,,25.6,10,270,270,6.3,8.1,,,,,
USW00003171,"RIVERSIDE MUNICIPAL AIRPORT, CA US",10/2/2019,1.7,,0,0,0,,31.7,10.6,250,250,6.7,8.5,,,,,
USW00003171,"RIVERSIDE MUNICIPAL AIRPORT, CA US",10/3/2019,2,,0,0,0,,30,12.2,270,270,7.6,9.8,,,,,
USW00003171,"RIVERSIDE MUNICIPAL AIRPORT, CA US",10/4/2019,2,,0,0,0,,28.9,11.1,270,270,6.3,8.1,,,,,
USW00003171,"RIVERSIDE MUNICIPAL AIRPORT, CA US",10/5/2019,1.7,,0,0,0,,32.8,11.7,260,270,6.7,8.5,,,,,
USW00003171,"RIVERSIDE MUNICIPAL AIRPORT, CA US",10/6/2019,1.7,,0,0,0,,36.1,11.1,260,260,7.2,8.9,,,,,
USW00003171,"RIVERSIDE MUNICIPAL AIRPORT, CA US",10/7/2019,2.3,,0,0,0,,35.6,13.3,270,270,8.9,10.3,,,,,
USW00003171,"RIVERSIDE MUNICIPAL AIRPORT, CA US",10/8/2019,1.9,,0,0,0,,31.7,12.2,270,260,7.2,9.4,,,,,
USW00003171,"RIVERSIDE MUNICIPAL AIRPORT, CA US",10/9/2019,1.7,,0,0,0,,27.8,11.7,280,280,5.4,9.4,1,1,,,1
USW00003171,"RIVERSIDE MUNICIPAL AIRPORT, CA US",10/10/2019,6.9,,0,0,0,,27.2,,350,30,10.7,17.9,,,,1,1
USW00003171,"RIVERSIDE MUNICIPAL AIRPORT, CA US",10/11/2019,4.1,,0,0,0,,30,16.1,30,30,8.1,12.1,,,,,
USW00003171,"RIVERSIDE MUNICIPAL AIRPORT, CA US",10/12/2019,1.9,,0,0,0,,31.7,10.6,270,270,8.1,10.3,,,,,
USW00003171,"RIVERSIDE MUNICIPAL AIRPORT, CA US",10/13/2019,2.8,,0,0,0,,28.9,10,260,270,7.6,10.3,,,,,
USW00003171,"RIVERSIDE MUNICIPAL AIRPORT, CA US",10/14/2019,1.3,,0,0,0,,26.1,13.9,250,270,6.3,7.6,,,,,
USW00003171,"RIVERSIDE MUNICIPAL AIRPORT, CA US",10/15/2019,1.4,,0,0,0,,33.9,10.6,270,270,6.7,8.5,,,,,
USW00003171,"RIVERSIDE MUNICIPAL AIRPORT, CA US",10/16/2019,2.2,,0,0,0,,34.4,13.9,270,270,7.6,9.4,,,,,
USW00003171,"RIVERSIDE MUNICIPAL AIRPORT, CA US",10/17/2019,2,,0,0,0,,27.2,14.4,280,270,8.9,12.1,,,,,
USW00003171,"RIVERSIDE MUNICIPAL AIRPORT, CA US",10/18/2019,1.9,,0,0,0,,28.3,12.2,270,270,7.6,9.8,,,,,
USW00003171,"RIVERSIDE MUNICIPAL AIRPORT, CA US",10/19/2019,1.9,,0,0,0,,28.3,10,270,270,7.2,8.1,,,,,
USW00003171,"RIVERSIDE MUNICIPAL AIRPORT, CA US",10/20/2019,2.6,,0,0,0,,31.1,10,350,360,8.1,14.3,,,,,
USW00003171,"RIVERSIDE MUNICIPAL AIRPORT, CA US",10/21/2019,2.4,,0,0,0,,34.4,13.3,280,340,5.8,8.5,,,,,1
USW00003171,"RIVERSIDE MUNICIPAL AIRPORT, CA US",10/22/2019,2,,0,0,0,,36.1,12.8,260,250,6.7,8.5,,,,,1
USW00003171,"RIVERSIDE MUNICIPAL AIRPORT, CA US",10/23/2019,2.2,,0,0,0,,36.7,15,270,270,7.2,8.5,,,,,
USW00003171,"RIVERSIDE MUNICIPAL AIRPORT, CA US",10/24/2019,4.2,,0,0,0,,32.8,16.7,10,10,9.8,15.7,,,,,1
USW00003171,"RIVERSIDE MUNICIPAL AIRPORT, CA US",10/25/2019,2.2,,0,0,0,,35,15.6,30,30,5.4,7.6,,,,,
USW00003171,"RIVERSIDE MUNICIPAL AIRPORT, CA US",10/26/2019,1.6,,0,0,0,,32.8,13.9,270,270,6.7,7.6,,,,,
USW00003171,"RIVERSIDE MUNICIPAL AIRPORT, CA US",10/27/2019,2.4,,0,0,0,,23.9,11.1,360,360,8.1,15.7,,,,,
USW00003171,"RIVERSIDE MUNICIPAL AIRPORT, CA US",10/28/2019,3.4,,0,0,0,,25,10,30,20,8.9,14.8,,,,,
USW00003171,"RIVERSIDE MUNICIPAL AIRPORT, CA US",10/29/2019,1.9,,0,0,0,,23.3,6.7,270,270,6.7,9.8,,,,,
USW00003171,"RIVERSIDE MUNICIPAL AIRPORT, CA US",10/30/2019,5.9,,0,0,0,,20,10,30,20,9.8,16.5,,,,,
USW00003171,"RIVERSIDE MUNICIPAL AIRPORT, CA US",10/31/2019,4.8,,0,0,0,,24.4,11.7,50,50,8.1,12.1,,,,,
USW00003171,"RIVERSIDE MUNICIPAL AIRPORT, CA US",11/1/2019,2.4,,0,0,0,,30,6.7,20,40,5.8,8.9,,,,,
USW00003171,"RIVERSIDE MUNICIPAL AIRPORT, CA US",11/2/2019,1.6,,0,0,0,,31.1,9.4,20,30,5.4,7.2,,,,,
USW00003171,"RIVERSIDE MUNICIPAL AIRPORT, CA US",11/3/2019,2.2,,0,0,0,,28.9,7.2,270,260,6.3,9.8,,,,,
USW00003171,"RIVERSIDE MUNICIPAL AIRPORT, CA US",11/4/2019,1.7,,0,0,0,,29.4,7.8,270,250,5.8,6.3,,,,,
USW00003171,"RIVERSIDE MUNICIPAL AIRPORT, CA US",11/5/2019,1.8,,0,0,0,,31.7,8.3,270,270,8.1,10.3,,,,,1
USW00003171,"RIVERSIDE MUNICIPAL AIRPORT, CA US",11/6/2019,1.4,,0,0,0,,26.7,10,270,270,5.4,7.2,,,,,1
USW00003171,"RIVERSIDE MUNICIPAL AIRPORT, CA US",11/7/2019,1.2,,0,0,0,,29.4,8.3,270,270,6.3,7.6,1,1,,,1
USW00003171,"RIVERSIDE MUNICIPAL AIRPORT, CA US",11/8/2019,1.5,,0,0,0,,33.3,9.4,360,350,5.8,8.5,,,,,1
USW00003171,"RIVERSIDE MUNICIPAL AIRPORT, CA US",11/9/2019,1.7,,0,0,0,,32.8,11.7,250,20,4.5,5.8,,,,,
USW00003171,"RIVERSIDE MUNICIPAL AIRPORT, CA US",11/10/2019,1.4,,0,0,0,,27.8,10,260,270,6.3,7.6,,,,,
USW00003171,"RIVERSIDE MUNICIPAL AIRPORT, CA US",11/11/2019,1.3,,0,0,0,,25.6,11.1,270,260,4.5,6.3,1,1,,,1
USW00003171,"RIVERSIDE MUNICIPAL AIRPORT, CA US",11/12/2019,1.2,,0,0,0,,30.6,8.9,270,270,6.3,7.6,1,,,,1
USW00003171,"RIVERSIDE MUNICIPAL AIRPORT, CA US",11/13/2019,1.2,,0,0,0,,26.7,10,270,270,6.7,8.1,,,,,1
USW00003171,"RIVERSIDE MUNICIPAL AIRPORT, CA US",11/14/2019,1.4,,0,0,0,,25.6,10,270,270,6.7,7.6,1,1,,,1
USW00003171,"RIVERSIDE MUNICIPAL AIRPORT, CA US",11/15/2019,1,,0,0,0,,22.2,9.4,270,270,6.3,8.1,1,1,,,1
USW00003171,"RIVERSIDE MUNICIPAL AIRPORT, CA US",11/16/2019,2.1,,0,0,0,,31.1,8.3,350,360,6.7,11.6,1,,,,1
USW00003171,"RIVERSIDE MUNICIPAL AIRPORT, CA US",11/17/2019,2.3,,0,0,0,,32.2,12.8,40,40,6.3,8.9,,,,,
USW00003171,"RIVERSIDE MUNICIPAL AIRPORT, CA US",11/18/2019,1.7,,0,0,0,,33.3,10,30,40,4.5,5.4,,,,,
USW00003171,"RIVERSIDE MUNICIPAL AIRPORT, CA US",11/19/2019,2.1,,0,0,0,,27.8,13.9,270,280,8.1,10.7,,,,,
USW00003171,"RIVERSIDE MUNICIPAL AIRPORT, CA US",11/20/2019,3.1,,2.3,0,0,,15.6,10,260,270,8.1,10.3,1,,,,1
USW00003171,"RIVERSIDE MUNICIPAL AIRPORT, CA US",11/21/2019,0.9,,0,,0,,18.3,9.4,230,250,4.5,5.8,,,,,
USW00003171,"RIVERSIDE MUNICIPAL AIRPORT, CA US",11/22/2019,0.9,,0,0,0,,21.7,8.9,100,100,4,5.8,,,,,
USW00003171,"RIVERSIDE MUNICIPAL AIRPORT, CA US",11/23/2019,3.5,,0,0,0,,22.8,8.3,360,360,7.6,11.6,,,,,
USW00003171,"RIVERSIDE MUNICIPAL AIRPORT, CA US",11/24/2019,2.2,,0,0,0,,25,9.4,50,60,5.4,8.5,,,,,
USW00003171,"RIVERSIDE MUNICIPAL AIRPORT, CA US",11/25/2019,2.2,,0,0,0,,21.1,5,20,360,7.2,14.8,,,,,
USW00003171,"RIVERSIDE MUNICIPAL AIRPORT, CA US",11/26/2019,2.8,,0,0,0,,18.9,10,20,10,8.9,13.9,,,,,
USW00003171,"RIVERSIDE MUNICIPAL AIRPORT, CA US",11/27/2019,1.8,,6.4,,0,,15,6.1,270,260,8.9,10.7,1,,,,
USW00003171,"RIVERSIDE MUNICIPAL AIRPORT, CA US",11/28/2019,2,,36.6,,0,,8.9,5.6,110,120,6.3,8.1,1,,,,
USW00003171,"RIVERSIDE MUNICIPAL AIRPORT, CA US",11/29/2019,2.3,,0.8,,0,,12.2,3.3,240,250,8.9,10.7,1,1,,,
USW00003171,"RIVERSIDE MUNICIPAL AIRPORT, CA US",11/30/2019,1.7,,0,,0,,14.4,5,50,50,4,5.8,,,,,
USW00003171,"RIVERSIDE MUNICIPAL AIRPORT, CA US",12/1/2019,1.5,,0,0,0,,17.8,6.7,60,70,3.6,5.4,,,,,
USW00003171,"RIVERSIDE MUNICIPAL AIRPORT, CA US",12/2/2019,1.3,,0,0,0,,21.7,6.7,270,270,3.6,4.5,,,,,
USW00003171,"RIVERSIDE MUNICIPAL AIRPORT, CA US",12/3/2019,1.2,,0,,0,,20.6,9.4,40,50,3.1,4.5,,,,,
USW00003171,"RIVERSIDE MUNICIPAL AIRPORT, CA US",12/4/2019,1,,21.3,0,0,,15,11.1,140,140,4.5,5.4,1,,,,
USW00003171,"RIVERSIDE MUNICIPAL AIRPORT, CA US",12/5/2019,0.9,,0,0,0,,18.9,8.9,30,90,3.1,4.9,1,,,,
USW00003171,"RIVERSIDE MUNICIPAL AIRPORT, CA US",12/6/2019,1.6,,1,0,0,,21.1,10,270,270,5.8,6.7,1,,,,
USW00003171,"RIVERSIDE MUNICIPAL AIRPORT, CA US",12/7/2019,0.7,,0.3,0,0,,17.2,12.2,270,300,3.6,4,1,,,,
USW00003171,"RIVERSIDE MUNICIPAL AIRPORT, CA US",12/8/2019,1.5,,1,0,0,,18.3,11.1,260,270,7.6,9.8,1,,,,1
USW00003171,"RIVERSIDE MUNICIPAL AIRPORT, CA US",12/9/2019,1.8,,0,0,0,,18.9,8.9,270,270,5.8,7.2,1,1,,,
USW00003171,"RIVERSIDE MUNICIPAL AIRPORT, CA US",12/10/2019,1.3,,0,0,0,,19.4,5,280,270,3.6,5.4,,,,,
USW00003171,"RIVERSIDE MUNICIPAL AIRPORT, CA US",12/11/2019,1,,0,0,0,,18.9,5,270,270,3.6,4.9,,,,,
USW00003171,"RIVERSIDE MUNICIPAL AIRPORT, CA US",12/12/2019,1.1,,0,0,0,,21.1,7.8,270,270,3.6,4.5,,,,,
USW00003171,"RIVERSIDE MUNICIPAL AIRPORT, CA US",12/13/2019,1.5,,0,0,0,,22.8,8.3,270,280,5.8,7.2,1,1,,,1
USW00003171,"RIVERSIDE MUNICIPAL AIRPORT, CA US",12/14/2019,0.5,,0,0,0,,16.1,10.6,270,280,4.5,5.8,1,1,,,1
USW00003171,"RIVERSIDE MUNICIPAL AIRPORT, CA US",12/15/2019,1.9,,0,0,0,,16.1,6.7,50,40,4.5,8.1,1,,,,
USW00003171,"RIVERSIDE MUNICIPAL AIRPORT, CA US",12/16/2019,3.9,,0,0,0,,16.7,3.9,20,40,8.1,14.8,,,,,
USW00003171,"RIVERSIDE MUNICIPAL AIRPORT, CA US",12/17/2019,3.3,,0,0,0,,17.2,5,60,30,7.2,13,,,,,
USW00003171,"RIVERSIDE MUNICIPAL AIRPORT, CA US",12/18/2019,1.9,,0,0,0,,16.7,2.2,260,250,6.3,8.1,,,,,
USW00003171,"RIVERSIDE MUNICIPAL AIRPORT, CA US",12/19/2019,1.6,,0,0,0,,20,1.1,30,40,4,6.3,,,,,
USW00003171,"RIVERSIDE MUNICIPAL AIRPORT, CA US",12/20/2019,2.5,,0,0,0,,23.3,5,20,40,4,5.8,,,,,
USW00003171,"RIVERSIDE MUNICIPAL AIRPORT, CA US",12/21/2019,1.3,,0,0,0,,22.8,6.7,40,70,4,5.4,,,,,
USW00003171,"RIVERSIDE MUNICIPAL AIRPORT, CA US",12/22/2019,2.2,,0,0,0,,20,7.8,70,110,5.4,6.7,,,,,
USW00003171,"RIVERSIDE MUNICIPAL AIRPORT, CA US",12/23/2019,1.4,,11.7,,0,,14.4,8.3,280,270,8.9,11.6,1,,,,
USW00003171,"RIVERSIDE MUNICIPAL AIRPORT, CA US",12/24/2019,1.8,,0,,0,,14.4,5.6,250,280,6.7,7.6,1,1,,,
USW00003171,"RIVERSIDE MUNICIPAL AIRPORT, CA US",12/25/2019,2.1,,2.5,,0,,12.2,6.1,100,120,6.7,8.9,1,,,,
USW00003171,"RIVERSIDE MUNICIPAL AIRPORT, CA US",12/26/2019,2.2,,26.2,,0,,9.4,5,80,40,5.8,9.8,1,,,,
USW00003171,"RIVERSIDE MUNICIPAL AIRPORT, CA US",12/27/2019,2,,0,0,0,,15.6,5,30,10,5.8,8.1,,,,,
USW00003171,"RIVERSIDE MUNICIPAL AIRPORT, CA US",12/28/2019,0.9,,0,0,0,,15,2.8,270,270,4,5.4,1,,,,
USW00003171,"RIVERSIDE MUNICIPAL AIRPORT, CA US",12/29/2019,0.9,,0,0,0,,15.6,2.8,50,110,3.6,4.5,1,,,,
USW00003171,"RIVERSIDE MUNICIPAL AIRPORT, CA US",12/30/2019,3,,0,0,0,,15,7.8,30,20,8.1,12.1,,,,,
USW00003171,"RIVERSIDE MUNICIPAL AIRPORT, CA US",12/31/2019,4.6,,0,0,0,,19.4,7.8,350,350,10.7,16.5,,,,,
USW00003171,"RIVERSIDE MUNICIPAL AIRPORT, CA US",1/1/2020,1.5,,0,0,0,,18.9,4.4,40,40,4,5.8,,,,,
USW00003171,"RIVERSIDE MUNICIPAL AIRPORT, CA US",1/2/2020,2,,0,0,0,,22.2,3.9,360,350,7.2,11.2,1,,,,
USW00003171,"RIVERSIDE MUNICIPAL AIRPORT, CA US",1/3/2020,1.8,,0,0,0,,21.7,6.7,260,30,4.5,5.4,,,,,
USW00003171,"RIVERSIDE MUNICIPAL AIRPORT, CA US",1/4/2020,1.7,,0,0,0,,20.6,5,250,270,4.5,5.4,,,,,
USW00003171,"RIVERSIDE MUNICIPAL AIRPORT, CA US",1/5/2020,2.8,,0,0,0,,21.7,5,350,360,8.9,13.9,,,,,
USW00003171,"RIVERSIDE MUNICIPAL AIRPORT, CA US",1/6/2020,3.4,,0,0,0,,23.9,10,30,50,7.6,12.1,,,,,
USW00003171,"RIVERSIDE MUNICIPAL AIRPORT, CA US",1/7/2020,1.8,,0,0,0,,25,8.9,70,80,5.8,8.5,,,,,
USW00003171,"RIVERSIDE MUNICIPAL AIRPORT, CA US",1/8/2020,1.7,,0,0,0,,17.2,3.9,270,270,6.7,8.1,,,,,
USW00003171,"RIVERSIDE MUNICIPAL AIRPORT, CA US",1/9/2020,0.9,,0,0,0,,14.4,6.1,270,270,7.2,8.9,,,,,
USW00003171,"RIVERSIDE MUNICIPAL AIRPORT, CA US",1/10/2020,1.2,,0,0,0,,18.9,3.3,260,270,3.6,4.9,,,,,
USW00003171,"RIVERSIDE MUNICIPAL AIRPORT, CA US",1/11/2020,1.6,,0,0,0,,16.7,3.9,270,280,4.5,6.3,,,,,
USW00003171,"RIVERSIDE MUNICIPAL AIRPORT, CA US",1/12/2020,1.1,,0,0,0,,16.1,3.9,270,30,3.6,4.9,1,,,,
USW00003171,"RIVERSIDE MUNICIPAL AIRPORT, CA US",1/13/2020,0.5,,0,0,0,,16.1,6.7,270,270,3.6,4.9,1,,,,1
USW00003171,"RIVERSIDE MUNICIPAL AIRPORT, CA US",1/14/2020,1.3,,0,0,0,,16.1,4.4,280,300,3.1,4.5,1,,,,1
USW00003171,"RIVERSIDE MUNICIPAL AIRPORT, CA US",1/15/2020,1.1,,0,0,0,,18.9,5.6,270,280,4,4.9,1,1,,,1
USW00003171,"RIVERSIDE MUNICIPAL AIRPORT, CA US",1/16/2020,2,,0,,0,,15,2.8,270,270,8.1,10.7,1,,,,1
USW00003171,"RIVERSIDE MUNICIPAL AIRPORT, CA US",1/17/2020,0.8,,2,,0,,16.7,5.6,100,90,4,5.4,1,,,,
USW00003171,"RIVERSIDE MUNICIPAL AIRPORT, CA US",1/18/2020,3.7,,0,0,0,,21.1,4.4,20,50,8.1,13,,,,,
USW00003171,"RIVERSIDE MUNICIPAL AIRPORT, CA US",1/19/2020,3.5,,0,0,0,,24.4,12.2,30,60,7.6,11.2,,,,,
USW00003171,"RIVERSIDE MUNICIPAL AIRPORT, CA US",1/20/2020,1.4,,0,,0,,16.7,9.4,270,270,6.3,8.1,,,,,
USW00003171,"RIVERSIDE MUNICIPAL AIRPORT, CA US",1/21/2020,1.4,,0,0,0,,14.4,10,280,270,4.5,5.8,1,,,,
USW00003171,"RIVERSIDE MUNICIPAL AIRPORT, CA US",1/22/2020,0.5,,0,0,0,,17.8,8.3,270,270,3.6,4.9,1,,,,1
USW00003171,"RIVERSIDE MUNICIPAL AIRPORT, CA US",1/23/2020,2.2,,0,0,0,,25.6,6.7,270,270,6.3,8.5,,,,,
USW00003171,"RIVERSIDE MUNICIPAL AIRPORT, CA US",1/24/2020,1.7,,0,0,0,,23.9,7.2,270,270,5.4,6.3,,,,,
USW00003171,"RIVERSIDE MUNICIPAL AIRPORT, CA US",1/25/2020,1.9,,0,0,0,,24.4,6.1,270,270,5.8,6.7,,,,,
USW00003171,"RIVERSIDE MUNICIPAL AIRPORT, CA US",1/26/2020,1,,0,0,0,,14.4,7.8,280,270,5.8,8.1,1,1,,,1
USW00003171,"RIVERSIDE MUNICIPAL AIRPORT, CA US",1/27/2020,1.3,,0,0,0,,23.9,6.7,280,340,3.6,5.8,1,,,,1
USW00003171,"RIVERSIDE MUNICIPAL AIRPORT, CA US",1/28/2020,1.7,,0,0,0,,23.3,5.6,260,280,5.8,6.7,,,,,
USW00003171,"RIVERSIDE MUNICIPAL AIRPORT, CA US",1/29/2020,4.8,,0,0,0,,20.6,5.6,30,30,13,20.6,,,,,
USW00003171,"RIVERSIDE MUNICIPAL AIRPORT, CA US",1/30/2020,3.2,,0,0,0,,25,11.7,10,360,7.6,11.2,,,,,
USW00003171,"RIVERSIDE MUNICIPAL AIRPORT, CA US",1/31/2020,2.4,,0,0,0,,26.7,10,20,,4,,,,,,
USW00003171,"RIVERSIDE MUNICIPAL AIRPORT, CA US",2/1/2020,2.2,,0,0,0,,29.4,9.4,40,30,5.4,7.2,,,,,
USW00003171,"RIVERSIDE MUNICIPAL AIRPORT, CA US",2/2/2020,2.5,,0,,0,,23.9,7.8,260,270,8.9,10.7,,,,,
USW00003171,"RIVERSIDE MUNICIPAL AIRPORT, CA US",2/3/2020,6.9,,0,,0,,13.9,8.3,10,40,11.2,19.2,,,,,
USW00003171,"RIVERSIDE MUNICIPAL AIRPORT, CA US",2/4/2020,5.1,,0,0,0,,13.3,6.1,10,10,11.2,17,,,,,
USW00003171,"RIVERSIDE MUNICIPAL AIRPORT, CA US",2/5/2020,2.2,,0,0,0,,16.7,1.7,270,270,7.2,9.4,,,,,
USW00003171,"RIVERSIDE MUNICIPAL AIRPORT, CA US",2/6/2020,1.6,,0,0,0,,18.9,3.3,260,270,5.4,6.3,,,,,1
USW00003171,"RIVERSIDE MUNICIPAL AIRPORT, CA US",2/7/2020,1.8,,0,0,0,,21.1,3.3,270,280,4,6.3,,,,,1
USW00003171,"RIVERSIDE MUNICIPAL AIRPORT, CA US",2/8/2020,1.5,,0,0,0,,21.7,4.4,280,280,6.3,8.1,1,,,,1
USW00003171,"RIVERSIDE MUNICIPAL AIRPORT, CA US",2/9/2020,3.1,,0.8,,0,,16.1,8.9,90,100,8.1,11.6,1,,,,1
USW00003171,"RIVERSIDE MUNICIPAL AIRPORT, CA US",2/10/2020,5.7,,0,0,0,,20.6,11.7,350,350,10.7,18.3,,,,,
USW00003171,"RIVERSIDE MUNICIPAL AIRPORT, CA US",2/11/2020,6,,0,0,0,,21.1,8.3,30,30,13.9,19.2,,,,,
USW00003171,"RIVERSIDE MUNICIPAL AIRPORT, CA US",2/12/2020,1.9,,0,0,0,,19.4,4.4,270,280,6.3,8.1,,,,,
USW00003171,"RIVERSIDE MUNICIPAL AIRPORT, CA US",2/13/2020,1.6,,0,0,0,,22.2,3.9,260,270,5.8,7.6,,,,,
USW00003171,"RIVERSIDE MUNICIPAL AIRPORT, CA US",2/14/2020,1.7,,0,0,0,,21.7,5,270,270,6.3,7.6,,,,,
USW00003171,"RIVERSIDE MUNICIPAL AIRPORT, CA US",2/15/2020,1.7,,0,0,0,,21.7,4.4,270,270,5.4,6.7,,,,,1
USW00003171,"RIVERSIDE MUNICIPAL AIRPORT, CA US",2/16/2020,1.6,,0,0,0,,22.8,6.7,270,250,6.3,7.6,,,,,
USW00003171,"RIVERSIDE MUNICIPAL AIRPORT, CA US",2/17/2020,1.7,,0,0,0,,23.3,6.1,270,270,6.7,8.1,,,,,1
USW00003171,"RIVERSIDE MUNICIPAL AIRPORT, CA US",2/18/2020,1.5,,0,0,0,,25,6.1,280,270,6.7,8.9,1,,,,1
USW00003171,"RIVERSIDE MUNICIPAL AIRPORT, CA US",2/19/2020,1.6,,0,0,0,,21.7,10,270,270,6.3,7.6,1,,,,1
USW00003171,"RIVERSIDE MUNICIPAL AIRPORT, CA US",2/20/2020,1.3,,0,0,0,,27.2,6.7,270,100,5.8,7.2,,,,,
USW00003171,"RIVERSIDE MUNICIPAL AIRPORT, CA US",2/21/2020,2.2,,0,,0,,27.8,9.4,250,260,7.6,8.9,,,,,
USW00003171,"RIVERSIDE MUNICIPAL AIRPORT, CA US",2/22/2020,1.6,,0.8,0,0,,16.7,11.1,270,280,5.8,8.1,,,,,
USW00003171,"RIVERSIDE MUNICIPAL AIRPORT, CA US",2/23/2020,1.6,,0,,0,,18.3,9.4,260,270,4.5,5.8,1,,,,1
USW00003171,"RIVERSIDE MUNICIPAL AIRPORT, CA US",2/24/2020,2.4,,0,0,0,,25,6.1,270,270,6.7,8.5,1,,,,1
USW00003171,"RIVERSIDE MUNICIPAL AIRPORT, CA US",2/25/2020,4.1,,0,0,0,,26.7,9.4,10,360,9.4,15.2,,,,,
USW00003171,"RIVERSIDE MUNICIPAL AIRPORT, CA US",2/26/2020,2.7,,0,0,0,,26.7,9.4,80,90,6.3,8.9,,,,,
USW00003171,"RIVERSIDE MUNICIPAL AIRPORT, CA US",2/27/2020,2.6,,0,0,0,,28.3,8.3,40,70,5.4,6.3,,,,,
USW00003171,"RIVERSIDE MUNICIPAL AIRPORT, CA US",2/28/2020,2.2,,0,0,0,,28.9,12.8,260,270,5.8,7.2,,,,,
USW00003171,"RIVERSIDE MUNICIPAL AIRPORT, CA US",2/29/2020,2.1,,0,0,0,,23.3,9.4,270,270,7.2,9.4,,,,,
USW00003171,"RIVERSIDE MUNICIPAL AIRPORT, CA US",3/1/2020,3.1,,0,,0,,17.2,8.3,250,250,9.4,11.6,,,,,
USW00003171,"RIVERSIDE MUNICIPAL AIRPORT, CA US",3/2/2020,4.7,,0,0,0,,19.4,7.2,20,360,10.3,17,,,,,
USW00003171,"RIVERSIDE MUNICIPAL AIRPORT, CA US",3/3/2020,4.3,,0,0,0,,27.2,12.2,360,360,11.6,17.4,,,,,
USW00003171,"RIVERSIDE MUNICIPAL AIRPORT, CA US",3/4/2020,1.6,,0,0,0,,25,7.2,270,270,7.2,8.9,,,,,
USW00003171,"RIVERSIDE MUNICIPAL AIRPORT, CA US",3/5/2020,1.5,,0,0,0,,28.3,8.3,270,270,6.7,7.6,1,1,,,1
USW00003171,"RIVERSIDE MUNICIPAL AIRPORT, CA US",3/6/2020,2.6,,0,0,0,,25,10,270,270,8.9,10.7,1,,,,1
USW00003171,"RIVERSIDE MUNICIPAL AIRPORT, CA US",3/7/2020,3.2,,0,0,0,,19.4,10.6,260,270,8.1,10.7,,,,,
USW00003171,"RIVERSIDE MUNICIPAL AIRPORT, CA US",3/8/2020,2,,0,0,0,,19.4,10,260,240,7.2,9.8,,,,,
USW00003171,"RIVERSIDE MUNICIPAL AIRPORT, CA US",3/9/2020,1.6,,2.5,,0,,23.9,7.2,140,150,7.2,9.8,,,,,
USW00003171,"RIVERSIDE MUNICIPAL AIRPORT, CA US",3/10/2020,2.6,,13.2,0,0,,21.1,11.7,100,100,7.2,10.3,1,,,,1
USW00003171,"RIVERSIDE MUNICIPAL AIRPORT, CA US",3/11/2020,1.5,,0,0,0,,22.8,10.6,250,270,7.2,8.5,,,,,
USW00003171,"RIVERSIDE MUNICIPAL AIRPORT, CA US",3/12/2020,2.7,,38.9,0,0,,15,10,270,280,7.6,10.7,1,,1,,
USW00003171,"RIVERSIDE MUNICIPAL AIRPORT, CA US",3/13/2020,0.6,,2,0,0,,13.3,10,250,270,4.5,5.8,1,,,,
USW00003171,"RIVERSIDE MUNICIPAL AIRPORT, CA US",3/14/2020,1.6,,0,0,0,,16.1,11.7,270,270,5.8,6.7,1,,,,
USW00003171,"RIVERSIDE MUNICIPAL AIRPORT, CA US",3/15/2020,2,,0,,0,,16.7,9.4,270,290,6.3,8.1,1,,,,
USW00003171,"RIVERSIDE MUNICIPAL AIRPORT, CA US",3/16/2020,2.7,,4.6,,0,,17.8,9.4,180,190,7.6,10.3,1,,,,
USW00003171,"RIVERSIDE MUNICIPAL AIRPORT, CA US",3/17/2020,1.6,,0.8,,0,,15.6,6.7,270,270,6.3,7.2,,,,,
USW00003171,"RIVERSIDE MUNICIPAL AIRPORT, CA US",3/18/2020,2.6,,0,,0,,13.9,3.9,240,130,7.6,10.3,,,,,
USW00003171,"RIVERSIDE MUNICIPAL AIRPORT, CA US",3/19/2020,1.5,,6.4,,0,,15,7.8,270,270,8.1,10.7,1,,,,
USW00003171,"RIVERSIDE MUNICIPAL AIRPORT, CA US",3/20/2020,1.1,,0.3,,0,,17.8,7.8,250,250,4,4.9,1,,,,
USW00003171,"RIVERSIDE MUNICIPAL AIRPORT, CA US",3/21/2020,1.7,,0,0,0,,19.4,7.8,270,280,6.7,8.1,,,,,
USW00003171,"RIVERSIDE MUNICIPAL AIRPORT, CA US",3/22/2020,2,,11.4,,0,,21.1,7.8,270,270,7.2,8.9,1,,,,
USW00003171,"RIVERSIDE MUNICIPAL AIRPORT, CA US",3/23/2020,3.2,,12.4,0,0,,18.3,10.6,270,270,7.2,9.8,1,,,,
USW00003171,"RIVERSIDE MUNICIPAL AIRPORT, CA US",3/24/2020,2.7,,0,0,0,,18.3,10,270,270,7.2,8.9,,,,,
USW00003171,"RIVERSIDE MUNICIPAL AIRPORT, CA US",3/25/2020,2.9,,0,0,0,,17.8,9.4,250,230,8.9,12.5,,,,,
USW00003171,"RIVERSIDE MUNICIPAL AIRPORT, CA US",3/26/2020,3.6,,0,0,0,,16.1,6.1,230,240,10.3,12.5,,,,,
USW00003171,"RIVERSIDE MUNICIPAL AIRPORT, CA US",3/27/2020,2.6,,0,0,0,,17.8,5,270,250,8.1,10.7,,,,,
USW00003171,"RIVERSIDE MUNICIPAL AIRPORT, CA US",3/28/2020,2,,0,0,0,,19.4,4.4,260,250,7.2,8.5,,,,,
USW00003171,"RIVERSIDE MUNICIPAL AIRPORT, CA US",3/29/2020,2.4,,0,0,0,,19.4,6.7,260,270,8.1,10.7,,,,,
USW00003171,"RIVERSIDE MUNICIPAL AIRPORT, CA US",3/30/2020,1.5,,0,0,0,,23.3,7.8,270,250,6.3,8.5,,,,,
USW00003171,"RIVERSIDE MUNICIPAL AIRPORT, CA US",3/31/2020,1.4,,0,0,0,,26.1,10,270,270,6.3,7.6,,,,,
USW00003171,"RIVERSIDE MUNICIPAL AIRPORT, CA US",4/1/2020,2.1,,0,0,0,,23.9,11.1,270,270,8.1,9.8,,,,,
USW00003171,"RIVERSIDE MUNICIPAL AIRPORT, CA US",4/2/2020,1.7,,0,0,0,,21.1,12.8,270,270,8.1,10.3,,,,,
USW00003171,"RIVERSIDE MUNICIPAL AIRPORT, CA US",4/3/2020,2.4,,0,0,0,,21.1,10.6,270,280,7.2,9.4,,,,,
USW00003171,"RIVERSIDE MUNICIPAL AIRPORT, CA US",4/4/2020,2.1,,0,0,0,,20.6,11.1,270,270,7.6,9.4,,,,,
USW00003171,"RIVERSIDE MUNICIPAL AIRPORT, CA US",4/5/2020,1.8,,0,0,0,,16.7,11.7,280,260,6.3,9.8,,,,,
USW00003171,"RIVERSIDE MUNICIPAL AIRPORT, CA US",4/6/2020,1.6,,25.1,0,0,,13.9,10.6,250,140,6.3,8.1,1,,,,1
USW00003171,"RIVERSIDE MUNICIPAL AIRPORT, CA US",4/7/2020,2.3,,7.9,0,0,,15.6,10,120,140,8.9,11.6,1,,,,
USW00003171,"RIVERSIDE MUNICIPAL AIRPORT, CA US",4/8/2020,2.6,,3.3,,0,,16.7,8.9,250,240,8.1,9.8,1,,,,
USW00003171,"RIVERSIDE MUNICIPAL AIRPORT, CA US",4/9/2020,2.1,,18,,0,,12.2,8.9,110,120,5.4,6.7,1,,,,1
USW00003171,"RIVERSIDE MUNICIPAL AIRPORT, CA US",4/10/2020,2.7,,12.4,,0,,15.6,8.3,110,120,7.2,9.4,1,,,,
USW00003171,"RIVERSIDE MUNICIPAL AIRPORT, CA US",4/11/2020,1.8,,0,0,0,,20.6,8.3,270,280,6.3,9.4,1,,,,
USW00003171,"RIVERSIDE MUNICIPAL AIRPORT, CA US",4/12/2020,1.7,,0.5,0,0,,16.7,11.7,270,270,4.5,7.2,1,,,,1
USW00003171,"RIVERSIDE MUNICIPAL AIRPORT, CA US",4/13/2020,1.7,,0,0,0,,17.2,11.1,270,270,6.3,8.1,,,,,
USW00003171,"RIVERSIDE MUNICIPAL AIRPORT, CA US",4/14/2020,2.4,,0,0,0,,26.7,9.4,10,40,7.6,12.1,1,,,,
USW00003171,"RIVERSIDE MUNICIPAL AIRPORT, CA US",4/15/2020,2.6,,0,0,0,,27.8,7.8,270,270,8.9,10.7,,,,,
USW00003171,"RIVERSIDE MUNICIPAL AIRPORT, CA US",4/16/2020,1.8,,0,0,0,,25,10,270,270,7.2,10.7,,,,,
USW00003171,"RIVERSIDE MUNICIPAL AIRPORT, CA US",4/17/2020,2.1,,0,0,0,,20.6,9.4,260,270,9.4,12.1,1,,,,
USW00003171,"RIVERSIDE MUNICIPAL AIRPORT, CA US",4/18/2020,2.9,,0,0,0,,17.8,11.7,270,280,6.7,8.5,,,,,
USW00003171,"RIVERSIDE MUNICIPAL AIRPORT, CA US",4/19/2020,2.7,,0,0,0,,19.4,11.7,270,270,7.2,9.4,,,,,
USW00003171,"RIVERSIDE MUNICIPAL AIRPORT, CA US",4/20/2020,2.2,,0,0,0,,20,12.2,270,270,6.7,8.5,,,,,
USW00003171,"RIVERSIDE MUNICIPAL AIRPORT, CA US",4/21/2020,3.1,,0,0,0,,23.3,11.7,270,270,8.9,11.2,,,,,
USW00003171,"RIVERSIDE MUNICIPAL AIRPORT, CA US",4/22/2020,2.2,,0,0,0,,30.6,10,250,250,6.7,8.5,,,,,
USW00003171,"RIVERSIDE MUNICIPAL AIRPORT, CA US",4/23/2020,1.8,,0,0,0,,32.8,12.8,270,270,7.6,9.4,,,,,
USW00003171,"RIVERSIDE MUNICIPAL AIRPORT, CA US",4/24/2020,2.1,,0,0,0,,37.2,15,260,10,6.7,8.9,,,,,
USW00003171,"RIVERSIDE MUNICIPAL AIRPORT, CA US",4/25/2020,2.1,,0,0,0,,34.4,15.6,270,270,8.1,9.8,,,,,
USW00003171,"RIVERSIDE MUNICIPAL AIRPORT, CA US",4/26/2020,2.2,,0,0,0,,32.8,15.6,270,270,7.6,9.8,,,,,
USW00003171,"RIVERSIDE MUNICIPAL AIRPORT, CA US",4/27/2020,1.9,,0,0,0,,30,13.9,270,270,8.1,10.3,,,,,
USW00003171,"RIVERSIDE MUNICIPAL AIRPORT, CA US",4/28/2020,2.2,,0,0,0,,32.2,15.6,270,250,8.1,10.3,,,,,
USW00003171,"RIVERSIDE MUNICIPAL AIRPORT, CA US",4/29/2020,2.5,,0,0,0,,30.6,15,270,270,8.1,9.8,1,,,,1
USW00003171,"RIVERSIDE MUNICIPAL AIRPORT, CA US",4/30/2020,2.3,,0,0,0,,29.4,15.6,270,270,7.6,9.8,1,,,,1
USW00003171,"RIVERSIDE MUNICIPAL AIRPORT, CA US",5/1/2020,2.1,,0,0,0,,27.8,14.4,270,270,7.2,8.9,1,,,,1
USW00003171,"RIVERSIDE MUNICIPAL AIRPORT, CA US",5/2/2020,2.2,,0,0,0,,27.8,13.3,270,250,8.1,10.3,,,,,
USW00003171,"RIVERSIDE MUNICIPAL AIRPORT, CA US",5/3/2020,2.3,,0,0,0,,27.8,12.8,270,260,8.1,11.2,,,,,
USW00003171,"RIVERSIDE MUNICIPAL AIRPORT, CA US",5/4/2020,1.7,,0,0,0,,32.2,12.2,260,260,8.1,10.3,,,,,
USW00003171,"RIVERSIDE MUNICIPAL AIRPORT, CA US",5/5/2020,2.4,,0,0,0,,36.1,14.4,270,280,7.2,10.3,,,,,
USW00003171,"RIVERSIDE MUNICIPAL AIRPORT, CA US",5/6/2020,1.9,,0,0,0,,36.7,14.4,260,270,7.2,9.4,,,,,
USW00003171,"RIVERSIDE MUNICIPAL AIRPORT, CA US",5/7/2020,2,,0,0,0,,37.2,16.7,270,270,8.1,10.7,,,,,
USW00003171,"RIVERSIDE MUNICIPAL AIRPORT, CA US",5/8/2020,2.7,,0,0,0,,33.9,16.7,270,270,8.9,11.2,,,,,
USW00003171,"RIVERSIDE MUNICIPAL AIRPORT, CA US",5/9/2020,2.6,,0,0,0,,30,15,270,270,7.6,11.6,1,,,,1
USW00003171,"RIVERSIDE MUNICIPAL AIRPORT, CA US",5/10/2020,3.1,,0,0,0,,28.3,14.4,270,270,8.9,11.2,1,,,,1
USW00003171,"RIVERSIDE MUNICIPAL AIRPORT, CA US",5/11/2020,2.7,,0,0,0,,27.2,13.3,270,250,8.1,10.7,,,,,
USW00003171,"RIVERSIDE MUNICIPAL AIRPORT, CA US",5/12/2020,3.5,,0,0,0,,24.4,12.8,250,270,9.8,13,,,,,
USW00003171,"RIVERSIDE MUNICIPAL AIRPORT, CA US",5/13/2020,2.2,,0,0,0,,24.4,12.2,270,270,7.2,10.3,,,,,
USW00003171,"RIVERSIDE MUNICIPAL AIRPORT, CA US",5/14/2020,2.2,,0,0,0,,26.7,11.7,270,240,8.1,11.2,,,,,
USW00003171,"RIVERSIDE MUNICIPAL AIRPORT, CA US",5/15/2020,2.2,,0,0,0,,28.3,12.8,270,270,6.7,8.9,,,,,
USW00003171,"RIVERSIDE MUNICIPAL AIRPORT, CA US",5/16/2020,2.2,,0,0,0,,31.1,15,270,270,8.9,10.3,,,,,
USW00003171,"RIVERSIDE MUNICIPAL AIRPORT, CA US",5/17/2020,2.9,,0,0,0,,29.4,14.4,270,270,9.8,12.1,,,,,
USW00003171,"RIVERSIDE MUNICIPAL AIRPORT, CA US",5/18/2020,3.7,,0,0,0,,22.8,14.4,260,260,9.4,11.6,,,,,
USW00003171,"RIVERSIDE MUNICIPAL AIRPORT, CA US",5/19/2020,2.6,,0,0,0,,22.8,12.2,250,280,9.4,11.6,,,,,
USW00003171,"RIVERSIDE MUNICIPAL AIRPORT, CA US",5/20/2020,2.2,,0,0,0,,26.7,10.6,270,250,8.1,9.8,,,,,
USW00003171,"RIVERSIDE MUNICIPAL AIRPORT, CA US",5/21/2020,2.3,,0,0,0,,32.2,12.2,270,270,8.1,11.6,,,,,
USW00003171,"RIVERSIDE MUNICIPAL AIRPORT, CA US",5/22/2020,2.1,,0,0,0,,28.3,12.8,270,270,9.4,12.1,,,,,
USW00003171,"RIVERSIDE MUNICIPAL AIRPORT, CA US",5/23/2020,2.5,,0,0,0,,26.7,13.3,260,270,8.1,10.7,,,,,
USW00003171,"RIVERSIDE MUNICIPAL AIRPORT, CA US",5/24/2020,2.3,,0,0,0,,31.7,12.8,270,270,9.4,11.6,,,,,
USW00003171,"RIVERSIDE MUNICIPAL AIRPORT, CA US",5/25/2020,2.2,,0,0,0,,33.9,13.9,270,270,9.4,11.6,,,,,
USW00003171,"RIVERSIDE MUNICIPAL AIRPORT, CA US",5/26/2020,2.3,,0,0,0,,36.1,16.7,270,270,9.4,11.6,,,,,
USW00003171,"RIVERSIDE MUNICIPAL AIRPORT, CA US",5/27/2020,2.6,,0,0,0,,35.6,16.1,270,270,8.1,9.8,,,,,
USW00003171,"RIVERSIDE MUNICIPAL AIRPORT, CA US",5/28/2020,2.6,,0,0,0,,31.1,14.4,270,260,7.6,11.2,,,,,
USW00003171,"RIVERSIDE MUNICIPAL AIRPORT, CA US",5/29/2020,3.3,,0,0,0,,26.7,15.6,250,250,9.4,11.6,,,,,1
USW00003171,"RIVERSIDE MUNICIPAL AIRPORT, CA US",5/30/2020,3,,0,0,0,,27.8,15,270,270,9.4,11.6,,,,,
USW00003171,"RIVERSIDE MUNICIPAL AIRPORT, CA US",5/31/2020,2.2,,0,0,0,,30.6,13.3,270,270,9.4,11.2,,,,,
USW00003171,"RIVERSIDE MUNICIPAL AIRPORT, CA US",6/1/2020,2.1,,0,0,0,,32.8,14.4,270,270,7.2,9.8,,,,,
USW00003171,"RIVERSIDE MUNICIPAL AIRPORT, CA US",6/2/2020,2.1,,0,0,0,,31.7,16.7,270,280,6.7,8.5,,,,,
USW00003171,"RIVERSIDE MUNICIPAL AIRPORT, CA US",6/3/2020,2.8,,0,0,0,,38.3,18.9,250,270,9.4,11.6,,,,,
USW00003171,"RIVERSIDE MUNICIPAL AIRPORT, CA US",6/4/2020,3.1,,0,0,0,,31.1,16.7,270,270,8.9,11.6,,,,,
USW00003171,"RIVERSIDE MUNICIPAL AIRPORT, CA US",6/5/2020,3.9,,0,0,0,,23.3,15.6,260,270,8.1,10.3,1,,,,1
USW00003171,"RIVERSIDE MUNICIPAL AIRPORT, CA US",6/6/2020,3.4,,0,0,0,,23.9,14.4,250,280,8.1,10.7,,,,,
USW00003171,"RIVERSIDE MUNICIPAL AIRPORT, CA US",6/7/2020,2.7,,0,0,0,,26.1,13.9,270,270,8.9,11.6,,,,,
USW00003171,"RIVERSIDE MUNICIPAL AIRPORT, CA US",6/8/2020,4.3,,0,0,0,,31.1,10.6,20,20,10.3,15.7,,,,,
USW00003171,"RIVERSIDE MUNICIPAL AIRPORT, CA US",6/9/2020,2.7,,0,0,0,,37.2,12.8,270,250,9.4,12.1,,,,,
USW00003171,"RIVERSIDE MUNICIPAL AIRPORT, CA US",6/10/2020,2.8,,0,0,0,,38.9,17.2,270,270,9.8,11.6,,,,,
USW00003171,"RIVERSIDE MUNICIPAL AIRPORT, CA US",6/11/2020,2.7,,0,0,0,,36.7,16.7,260,260,9.8,12.1,,,,,
USW00003171,"RIVERSIDE MUNICIPAL AIRPORT, CA US",6/12/2020,2.9,,0,0,0,,31.1,15,270,270,9.8,13,,,,,1
USW00003171,"RIVERSIDE MUNICIPAL AIRPORT, CA US",6/13/2020,2.8,,0,0,0,,28.3,13.9,270,270,8.9,11.6,,,,,1
USW00003171,"RIVERSIDE MUNICIPAL AIRPORT, CA US",6/14/2020,2.2,,0,0,0,,30,13.9,260,260,8.9,12.1,,,,,1
USW00003171,"RIVERSIDE MUNICIPAL AIRPORT, CA US",6/15/2020,3,,0,0,0,,31.1,15.6,270,280,8.9,11.6,,,,,
USW00003171,"RIVERSIDE MUNICIPAL AIRPORT, CA US",6/16/2020,2.9,,0,0,0,,27.2,15,270,260,8.1,10.3,,,,,1
USW00003171,"RIVERSIDE MUNICIPAL AIRPORT, CA US",6/17/2020,2.8,,0,0,0,,26.7,16.1,250,270,7.2,9.4,,,,,
USW00003171,"RIVERSIDE MUNICIPAL AIRPORT, CA US",6/18/2020,3,,0,0,0,,25.6,15,270,260,7.2,9.4,1,,,,1
USW00003171,"RIVERSIDE MUNICIPAL AIRPORT, CA US",6/19/2020,3,,0,0,0,,29.4,15,260,270,8.1,9.8,,,,,1
USW00003171,"RIVERSIDE MUNICIPAL AIRPORT, CA US",6/20/2020,2.3,,0,0,0,,28.3,15.6,270,270,7.6,9.4,,,,,1
USW00003171,"RIVERSIDE MUNICIPAL AIRPORT, CA US",6/21/2020,2.8,,0,0,0,,29.4,15.6,270,280,6.7,8.5,,,,,
USW00003171,"RIVERSIDE MUNICIPAL AIRPORT, CA US",6/22/2020,2.4,,0,0,0,,33.3,15,270,270,8.9,11.2,1,,,,1
USW00003171,"RIVERSIDE MUNICIPAL AIRPORT, CA US",6/23/2020,2.8,,0,0,0,,32.8,16.1,280,270,7.2,9.4,1,,,,1
USW00003171,"RIVERSIDE MUNICIPAL AIRPORT, CA US",6/24/2020,3.1,,0,0,0,,33.9,16.7,270,270,9.4,11.6,1,,,,1
USW00003171,"RIVERSIDE MUNICIPAL AIRPORT, CA US",6/25/2020,2.6,,0,0,0,,31.7,16.7,270,270,8.9,11.2,,,,,1
USW00003171,"RIVERSIDE MUNICIPAL AIRPORT, CA US",6/26/2020,2.7,,0,0,0,,32.8,15.6,270,270,8.1,9.8,1,,,,1
USW00003171,"RIVERSIDE MUNICIPAL AIRPORT, CA US",6/27/2020,3.2,,0,0,0,,32.2,16.7,260,260,8.9,11.6,,,,,
USW00003171,"RIVERSIDE MUNICIPAL AIRPORT, CA US",6/28/2020,3.5,,0,0,0,,25.6,16.7,270,270,8.9,11.6,,,,,1
USW00003171,"RIVERSIDE MUNICIPAL AIRPORT, CA US",6/29/2020,3.1,,0,0,0,,26.1,15.6,260,270,8.9,11.6,,,,,
USW00003171,"RIVERSIDE MUNICIPAL AIRPORT, CA US",6/30/2020,3,,0,0,0,,29.4,15,270,270,8.9,12.5,,,,,
USW00003171,"RIVERSIDE MUNICIPAL AIRPORT, CA US",7/1/2020,2.6,,0,0,0,,27.8,15.6,270,270,7.2,9.4,,,,,1
USW00003171,"RIVERSIDE MUNICIPAL AIRPORT, CA US",7/2/2020,2.6,,0,0,0,,30.6,15.6,270,270,8.9,10.7,,,,,1
USW00003171,"RIVERSIDE MUNICIPAL AIRPORT, CA US",7/3/2020,2.1,,0,0,0,,35.6,15,270,270,8.1,10.3,,,,,
USW00003171,"RIVERSIDE MUNICIPAL AIRPORT, CA US",7/4/2020,2.6,,0,0,0,,34.4,18.3,270,250,8.1,11.2,,,,,
USW00003171,"RIVERSIDE MUNICIPAL AIRPORT, CA US",7/5/2020,2.2,,0,0,0,,37.8,17.8,270,270,8.9,10.7,,,,,
USW00003171,"RIVERSIDE MUNICIPAL AIRPORT, CA US",7/6/2020,2.2,,0,0,0,,37.8,17.8,270,270,8.9,10.7,,,,,
USW00003171,"RIVERSIDE MUNICIPAL AIRPORT, CA US",7/7/2020,2.5,,0,0,0,,35,17.2,270,260,8.9,11.6,,,,,
USW00003171,"RIVERSIDE MUNICIPAL AIRPORT, CA US",7/8/2020,2.6,,0,0,0,,33.9,17.2,270,270,9.4,12.5,,,,,
USW00003171,"RIVERSIDE MUNICIPAL AIRPORT, CA US",7/9/2020,2.8,,0,0,0,,34.4,16.1,270,270,8.1,10.3,,,,,
USW00003171,"RIVERSIDE MUNICIPAL AIRPORT, CA US",7/10/2020,2.5,,0,0,0,,37.8,17.8,270,280,8.1,10.3,,,,,
USW00003171,"RIVERSIDE MUNICIPAL AIRPORT, CA US",7/11/2020,2.3,,0,0,0,,40.6,21.7,270,270,9.8,11.6,,,,,
USW00003171,"RIVERSIDE MUNICIPAL AIRPORT, CA US",7/12/2020,2.2,,0,0,0,,39.4,21.1,270,260,8.1,10.7,,,,,
USW00003171,"RIVERSIDE MUNICIPAL AIRPORT, CA US",7/13/2020,2.2,,0,0,0,,36.1,18.9,270,270,8.9,11.6,,,,,
USW00003171,"RIVERSIDE MUNICIPAL AIRPORT, CA US",7/14/2020,3.2,,0,0,0,,32.2,17.2,270,270,9.8,11.6,,,,,
USW00003171,"RIVERSIDE MUNICIPAL AIRPORT, CA US",7/15/2020,2.8,,0,0,0,,32.8,17.2,270,270,8.9,11.2,,,,,
USW00003171,"RIVERSIDE MUNICIPAL AIRPORT, CA US",7/16/2020,3.4,,0,0,0,,32.2,15.6,260,260,8.1,11.6,,,,,
USW00003171,"RIVERSIDE MUNICIPAL AIRPORT, CA US",7/17/2020,2.6,,0,0,0,,33.3,17.2,270,270,8.9,10.3,,,,,
USW00003171,"RIVERSIDE MUNICIPAL AIRPORT, CA US",7/18/2020,2.8,,0,0,0,,34.4,17.2,270,270,7.6,10.7,,,,,
USW00003171,"RIVERSIDE MUNICIPAL AIRPORT, CA US",7/19/2020,2.2,,0,0,0,,34.4,16.7,260,260,7.2,10.3,,,,,
USW00003171,"RIVERSIDE MUNICIPAL AIRPORT, CA US",7/20/2020,2.6,,0,0,0,,32.8,17.2,270,270,7.6,9.8,,,,,
USW00003171,"RIVERSIDE MUNICIPAL AIRPORT, CA US",7/21/2020,2.8,,0,0,0,,33.3,17.2,270,270,8.1,11.6,,,,,
USW00003171,"RIVERSIDE MUNICIPAL AIRPORT, CA US",7/22/2020,3.3,,0,0,0,,30.6,15.6,270,270,8.9,12.1,1,,,,1
USW00003171,"RIVERSIDE MUNICIPAL AIRPORT, CA US",7/23/2020,2.5,,0,0,0,,28.9,15,270,270,7.2,8.9,,,,,1
USW00003171,"RIVERSIDE MUNICIPAL AIRPORT, CA US",7/24/2020,3.1,,0,0,0,,30.6,14.4,270,270,8.1,10.7,1,,,,1
USW00003171,"RIVERSIDE MUNICIPAL AIRPORT, CA US",7/25/2020,2.8,,0,0,0,,33.3,15,260,250,9.4,11.6,1,,,,1
USW00003171,"RIVERSIDE MUNICIPAL AIRPORT, CA US",7/26/2020,2.8,,0,0,0,,36.1,16.7,270,270,9.8,12.1,,,,,
USW00003171,"RIVERSIDE MUNICIPAL AIRPORT, CA US",7/27/2020,2.6,,0,0,0,,32.2,17.2,260,270,7.6,10.3,,,,,
USW00003171,"RIVERSIDE MUNICIPAL AIRPORT, CA US",7/28/2020,2.5,,0,0,0,,33.3,15,270,280,8.1,9.8,,,,,
USW00003171,"RIVERSIDE MUNICIPAL AIRPORT, CA US",7/29/2020,2,,0,0,0,,35,16.1,270,270,7.6,9.8,,,,,
USW00003171,"RIVERSIDE MUNICIPAL AIRPORT, CA US",7/30/2020,1.7,,0,0,0,,39.4,17.2,270,270,8.1,9.4,,,,,
USW00003171,"RIVERSIDE MUNICIPAL AIRPORT, CA US",7/31/2020,2.5,,0,0,0,,41.7,22.2,270,270,8.1,10.3,,,,,
USW00003171,"RIVERSIDE MUNICIPAL AIRPORT, CA US",8/1/2020,2.1,,0,0,0,,39.4,20.6,270,270,8.9,10.7,,,,,
USW00003171,"RIVERSIDE MUNICIPAL AIRPORT, CA US",8/2/2020,2.3,,0,0,0,,37.2,19.4,270,280,9.8,11.2,,,,,
USW00003171,"RIVERSIDE MUNICIPAL AIRPORT, CA US",8/3/2020,2.2,,0,0,0,,35.6,17.8,280,270,8.1,10.7,,,,,
USW00003171,"RIVERSIDE MUNICIPAL AIRPORT, CA US",8/4/2020,3.4,,0,0,0,,31.7,16.7,270,270,8.1,10.7,1,,,,1
USW00003171,"RIVERSIDE MUNICIPAL AIRPORT, CA US",8/5/2020,2.8,,0,0,0,,30.6,17.2,270,320,8.1,13,1,,,,1
USW00003171,"RIVERSIDE MUNICIPAL AIRPORT, CA US",8/6/2020,2.6,,0,0,0,,30.6,17.2,270,270,8.1,10.7,,,,,
USW00003171,"RIVERSIDE MUNICIPAL AIRPORT, CA US",8/7/2020,2.6,,0,0,0,,31.7,15,270,270,9.4,11.2,,,,,
USW00003171,"RIVERSIDE MUNICIPAL AIRPORT, CA US",8/8/2020,2.6,,0,0,0,,33.3,16.7,270,270,8.9,10.7,,,,,
USW00003171,"RIVERSIDE MUNICIPAL AIRPORT, CA US",8/9/2020,2.4,,0,0,0,,34.4,16.7,270,270,8.1,10.3,,,,,
USW00003171,"RIVERSIDE MUNICIPAL AIRPORT, CA US",8/10/2020,2.8,,0,0,0,,35,16.7,270,270,9.4,11.2,,,,,
USW00003171,"RIVERSIDE MUNICIPAL AIRPORT, CA US",8/11/2020,2.2,,0,0,0,,35,16.7,270,270,7.2,9.4,,,,,
USW00003171,"RIVERSIDE MUNICIPAL AIRPORT, CA US",8/12/2020,2.5,,0,0,0,,38.3,15.6,270,270,8.1,10.7,,,,,
USW00003171,"RIVERSIDE MUNICIPAL AIRPORT, CA US",8/13/2020,2,,0,0,0,,38.9,22.2,270,270,9.4,12.1,,,,,
USW00003171,"RIVERSIDE MUNICIPAL AIRPORT, CA US",8/14/2020,2.2,,0,0,0,,40.6,22.2,250,270,7.2,9.4,,,,,
USW00003171,"RIVERSIDE MUNICIPAL AIRPORT, CA US",8/15/2020,2.3,,0,0,0,,42.8,23.9,260,260,8.1,10.3,,,,,
USW00003171,"RIVERSIDE MUNICIPAL AIRPORT, CA US",8/16/2020,2.5,,0,0,0,,38.9,22.8,270,270,9.4,11.6,,,,,
USW00003171,"RIVERSIDE MUNICIPAL AIRPORT, CA US",8/17/2020,2.2,,0,0,0,,38.9,24.4,270,270,7.2,11.2,,,,,
USW00003171,"RIVERSIDE MUNICIPAL AIRPORT, CA US",8/18/2020,1.8,,0,0,0,,42.2,23.3,270,270,6.3,8.1,,,,,
USW00003171,"RIVERSIDE MUNICIPAL AIRPORT, CA US",8/19/2020,2.1,,0,0,0,,41.1,23.9,270,270,9.8,11.6,,,,,
USW00003171,"RIVERSIDE MUNICIPAL AIRPORT, CA US",8/20/2020,1.9,,0,0,0,,39.4,23.3,270,270,7.6,11.2,,,,,
USW00003171,"RIVERSIDE MUNICIPAL AIRPORT, CA US",8/21/2020,2.3,,0,0,0,,38.9,22.8,270,280,9.4,11.2,,,,,
USW00003171,"RIVERSIDE MUNICIPAL AIRPORT, CA US",8/22/2020,2.9,,0,0,0,,37.2,23.9,270,270,9.4,11.6,,,,,
USW00003171,"RIVERSIDE MUNICIPAL AIRPORT, CA US",8/23/2020,2.7,,0,0,0,,36.7,22.8,270,270,9.4,10.7,,,,,
USW00003171,"RIVERSIDE MUNICIPAL AIRPORT, CA US",8/24/2020,2.5,,0,0,0,,36.1,22.8,270,250,8.9,10.7,,,,,
USW00003171,"RIVERSIDE MUNICIPAL AIRPORT, CA US",8/25/2020,2.3,,0,0,0,,37.2,20.6,270,270,8.9,10.7,,,,,
USW00003171,"RIVERSIDE MUNICIPAL AIRPORT, CA US",8/26/2020,2.1,,0,0,0,,38.3,20.6,270,270,8.9,10.3,,,,,
USW00003171,"RIVERSIDE MUNICIPAL AIRPORT, CA US",8/27/2020,2.2,,0,0,0,,38.9,20.6,270,270,8.9,10.7,,,,,
USW00003171,"RIVERSIDE MUNICIPAL AIRPORT, CA US",8/28/2020,2.7,,0,0,0,,37.2,19.4,270,270,8.9,10.7,,,,,
USW00003171,"RIVERSIDE MUNICIPAL AIRPORT, CA US",8/29/2020,2.8,,0,0,0,,35,16.7,270,270,9.4,11.2,,,,,
USW00003171,"RIVERSIDE MUNICIPAL AIRPORT, CA US",8/30/2020,2.6,,0,0,0,,33.3,15,260,250,8.1,10.3,1,,,,1
USW00003171,"RIVERSIDE MUNICIPAL AIRPORT, CA US",8/31/2020,2.9,,0,0,0,,31.7,15.6,270,260,8.1,9.8,,,,,
USW00003171,"RIVERSIDE MUNICIPAL AIRPORT, CA US",9/1/2020,2.8,,0,0,0,,31.7,16.1,270,270,8.1,10.7,1,,,,1
USW00003171,"RIVERSIDE MUNICIPAL AIRPORT, CA US",9/2/2020,2.3,,0,0,0,,33.3,16.7,270,270,7.2,8.9,,,,,
USW00003171,"RIVERSIDE MUNICIPAL AIRPORT, CA US",9/3/2020,1.8,,0,0,0,,35.6,17.8,270,270,6.7,9.8,,,,,
USW00003171,"RIVERSIDE MUNICIPAL AIRPORT, CA US",9/4/2020,1.9,,0,0,0,,39.4,19.4,270,270,8.1,9.8,,,,,
USW00003171,"RIVERSIDE MUNICIPAL AIRPORT, CA US",9/5/2020,2.4,,0,0,0,,47.2,21.1,270,270,8.1,10.3,,,,,
USW00003171,"RIVERSIDE MUNICIPAL AIRPORT, CA US",9/6/2020,2.8,,0,0,0,,47.2,25.6,270,270,8.1,9.8,,,,,
USW00003171,"RIVERSIDE MUNICIPAL AIRPORT, CA US",9/7/2020,2,,0,0,0,,33.9,21.7,270,270,6.7,8.5,,,,,
USW00003171,"RIVERSIDE MUNICIPAL AIRPORT, CA US",9/8/2020,2.2,,0,0,0,,28.3,19.4,270,270,6.3,7.2,1,,,,1
USW00003171,"RIVERSIDE MUNICIPAL AIRPORT, CA US",9/9/2020,3.8,,0,0,0,,34.4,17.8,270,350,8.1,13.4,,,,,1
USW00003171,"RIVERSIDE MUNICIPAL AIRPORT, CA US",9/10/2020,1.3,,0,0,0,,32.8,14.4,250,250,6.7,8.1,,,,,1
USW00003171,"RIVERSIDE MUNICIPAL AIRPORT, CA US",9/11/2020,1.9,,0,0,0,,35,16.1,270,270,8.1,9.8,,,,,1
USW00003171,"RIVERSIDE MUNICIPAL AIRPORT, CA US",9/12/2020,1.6,,0,0,0,,35,15.6,270,270,6.7,8.1,,,,,1
USW00003171,"RIVERSIDE MUNICIPAL AIRPORT, CA US",9/13/2020,1.4,,0,0,0,,35.6,15.6,270,270,7.2,8.9,,,,,1
USW00003171,"RIVERSIDE MUNICIPAL AIRPORT, CA US",9/14/2020,2.2,,0,0,0,,36.1,16.7,270,270,8.9,10.7,,,,,1
USW00003171,"RIVERSIDE MUNICIPAL AIRPORT, CA US",9/15/2020,1.8,,0,0,0,,36.7,16.7,260,260,7.2,8.9,,,,,1
USW00003171,"RIVERSIDE MUNICIPAL AIRPORT, CA US",9/16/2020,,,0,0,0,,37.2,17.8,,,,7.2,,,,,
USW00003171,"RIVERSIDE MUNICIPAL AIRPORT, CA US",9/17/2020,1.6,,0,0,0,,38.3,16.7,260,270,6.7,8.1,,,,,
USW00003171,"RIVERSIDE MUNICIPAL AIRPORT, CA US",9/18/2020,2.5,,0,0,0,,38.9,19.4,270,260,7.6,9.8,,,,,
USW00003171,"RIVERSIDE MUNICIPAL AIRPORT, CA US",9/19/2020,2.1,,0,0,0,,36.7,18.3,270,260,8.1,11.2,,,,,
USW00003171,"RIVERSIDE MUNICIPAL AIRPORT, CA US",9/20/2020,2.1,,0,0,0,,35,17.2,270,260,8.1,10.3,,,,,
USW00003171,"RIVERSIDE MUNICIPAL AIRPORT, CA US",9/21/2020,2,,0,0,0,,33.3,16.7,260,250,8.1,9.8,,,,,1
USW00003171,"RIVERSIDE MUNICIPAL AIRPORT, CA US",9/22/2020,2.1,,0,0,0,,34.4,16.1,270,270,8.9,10.7,,,,,1
USW00003171,"RIVERSIDE MUNICIPAL AIRPORT, CA US",9/23/2020,1.7,,0,0,0,,33.9,16.7,260,270,7.6,8.9,,,,,
USW00003171,"RIVERSIDE MUNICIPAL AIRPORT, CA US",9/24/2020,1.8,,0,0,0,,35.6,16.7,270,270,8.9,10.3,,,,,
USW00003171,"RIVERSIDE MUNICIPAL AIRPORT, CA US",9/25/2020,1.6,,0,0,0,,32.8,15.6,260,270,8.1,11.2,,,,,
USW00003171,"RIVERSIDE MUNICIPAL AIRPORT, CA US",9/26/2020,2,,0,0,0,,32.2,15.6,270,270,7.2,10.3,1,1,,,1
USW00003171,"RIVERSIDE MUNICIPAL AIRPORT, CA US",9/27/2020,2.2,,0,0,0,,32.8,16.7,270,270,7.6,8.9,1,,,,1
USW00003171,"RIVERSIDE MUNICIPAL AIRPORT, CA US",9/28/2020,1.8,,0,0,0,,40,16.1,270,270,8.1,9.8,1,,,,1
USW00003171,"RIVERSIDE MUNICIPAL AIRPORT, CA US",9/29/2020,1.8,,0,0,0,,40.6,17.2,270,270,6.7,8.5,,,,,
USW00003171,"RIVERSIDE MUNICIPAL AIRPORT, CA US",9/30/2020,2.1,,0,0,0,,42.2,18.9,260,250,7.2,8.9,,,,,
USW00003171,"RIVERSIDE MUNICIPAL AIRPORT, CA US",10/1/2020,2.3,,0,0,0,,41.1,20.6,260,250,8.9,10.7,,,,,
USW00003171,"RIVERSIDE MUNICIPAL AIRPORT, CA US",10/2/2020,2.3,,0,0,0,,40.6,18.9,260,270,7.6,9.8,,,,,
USW00003171,"RIVERSIDE MUNICIPAL AIRPORT, CA US",10/3/2020,2.2,,0,0,0,,38.3,17.2,260,,7.2,,,,,,
USW00003171,"RIVERSIDE MUNICIPAL AIRPORT, CA US",10/4/2020,1.9,,0,0,0,,36.7,16.1,270,270,7.6,9.8,,,,,1
USW00003171,"RIVERSIDE MUNICIPAL AIRPORT, CA US",10/5/2020,2,,0,0,0,,36.1,17.2,270,270,6.7,8.5,,,,,1
USW00003171,"RIVERSIDE MUNICIPAL AIRPORT, CA US",10/6/2020,2.3,,0,0,0,,35,16.7,260,260,6.7,8.5,,,,,1
USW00003171,"RIVERSIDE MUNICIPAL AIRPORT, CA US",10/7/2020,2.2,,0,0,0,,32.8,16.1,270,270,7.2,9.8,,,,,1
USW00003171,"RIVERSIDE MUNICIPAL AIRPORT, CA US",10/8/2020,2.2,,0,0,0,,27.2,16.7,260,270,6.7,8.5,1,,,,1
USW00003171,"RIVERSIDE MUNICIPAL AIRPORT, CA US",10/9/2020,2.2,,0,0,0,,26.1,16.1,270,270,6.3,7.6,,,,,1
USW00003171,"RIVERSIDE MUNICIPAL AIRPORT, CA US",10/10/2020,1.7,,0,0,0,,25.6,16.7,270,270,7.2,8.9,,,,,1
USW00003171,"RIVERSIDE MUNICIPAL AIRPORT, CA US",10/11/2020,1.3,,0,0,0,,28.3,14.4,270,270,5.4,7.2,1,,,,1
USW00003171,"RIVERSIDE MUNICIPAL AIRPORT, CA US",10/12/2020,2.4,,0,0,0,,37.2,15,270,280,6.7,8.5,,,,,
USW00003171,"RIVERSIDE MUNICIPAL AIRPORT, CA US",10/13/2020,2.6,,0,0,0,,37.8,17.2,250,270,6.7,8.5,,,,,
USW00003171,"RIVERSIDE MUNICIPAL AIRPORT, CA US",10/14/2020,1.9,,0,0,0,,37.2,16.1,260,270,5.8,8.5,,,,,
USW00003171,"RIVERSIDE MUNICIPAL AIRPORT, CA US",10/15/2020,2.3,,0,0,0,,38.3,16.7,270,270,6.3,8.1,,,,,
USW00003171,"RIVERSIDE MUNICIPAL AIRPORT, CA US",10/16/2020,2.7,,0,0,0,,38.9,17.8,30,20,6.3,11.2,,,,,
USW00003171,"RIVERSIDE MUNICIPAL AIRPORT, CA US",10/17/2020,1.7,,0,0,0,,35,16.7,270,270,6.7,8.1,,,,,
USW00003171,"RIVERSIDE MUNICIPAL AIRPORT, CA US",10/18/2020,1.6,,0,0,0,,32.2,14.4,270,270,6.7,8.5,,,,,
USW00003171,"RIVERSIDE MUNICIPAL AIRPORT, CA US",10/19/2020,1.4,,0,0,0,,29.4,14.4,270,270,5.8,7.6,1,,,,1
USW00003171,"RIVERSIDE MUNICIPAL AIRPORT, CA US",10/20/2020,1.7,,0,0,0,,29.4,15.6,260,270,6.7,8.1,1,1,,,1
USW00003171,"RIVERSIDE MUNICIPAL AIRPORT, CA US",10/21/2020,1.4,,0,0,0,,26.1,15.6,270,270,5.8,6.7,1,,,,1
USW00003171,"RIVERSIDE MUNICIPAL AIRPORT, CA US",10/22/2020,1.7,,0,0,0,,23.9,15.6,270,250,6.3,8.1,1,,,,1
USW00003171,"RIVERSIDE MUNICIPAL AIRPORT, CA US",10/23/2020,1.1,,0,0,0,,23.9,15.6,270,270,6.3,7.2,,,,,
USW00003171,"RIVERSIDE MUNICIPAL AIRPORT, CA US",10/24/2020,1.7,,0,0,0,,22.2,16.1,240,240,5.8,6.7,,,,,1
USW00003171,"RIVERSIDE MUNICIPAL AIRPORT, CA US",10/25/2020,3.1,,0,0,0,,19.4,13.9,250,250,8.1,10.3,1,,,,
USW00003171,"RIVERSIDE MUNICIPAL AIRPORT, CA US",10/26/2020,6.2,,0,0,0,,19.4,12.2,30,30,13.9,22.8,,,,1,1
USW00003171,"RIVERSIDE MUNICIPAL AIRPORT, CA US",10/27/2020,5,,0,0,0,,25.6,13.3,360,360,10.7,16.5,,,,,1
USW00003171,"RIVERSIDE MUNICIPAL AIRPORT, CA US",10/28/2020,1.8,,0,0,,,27.2,9.4,270,270,6.7,8.1,,,,,
USW00003171,"RIVERSIDE MUNICIPAL AIRPORT, CA US",10/29/2020,1.6,,0,0,0,,31.7,9.4,270,270,5.8,6.7,,,,,
USW00003171,"RIVERSIDE MUNICIPAL AIRPORT, CA US",10/30/2020,1.7,,0,0,0,,31.7,10.6,270,280,7.2,8.5,,,,,
USW00003171,"RIVERSIDE MUNICIPAL AIRPORT, CA US",10/31/2020,1.4,,0,0,0,,33.9,10,270,280,6.3,7.6,,,,,
USW00003171,"RIVERSIDE MUNICIPAL AIRPORT, CA US",11/1/2020,2.1,,0,0,0,,32.8,11.7,270,270,6.7,8.1,,,,,
USW00003171,"RIVERSIDE MUNICIPAL AIRPORT, CA US",11/2/2020,1.6,,0,0,0,,31.1,13.3,270,270,7.2,8.5,,,,,
USW00003171,"RIVERSIDE MUNICIPAL AIRPORT, CA US",11/3/2020,1.3,,0,0,0,,28.3,11.7,270,270,6.3,7.2,,,,,1
USW00003171,"RIVERSIDE MUNICIPAL AIRPORT, CA US",11/4/2020,1.3,,0,0,0,,35.6,11.1,270,270,5.8,7.2,,,,,
USW00003171,"RIVERSIDE MUNICIPAL AIRPORT, CA US",11/5/2020,1.7,,0,0,0,,35,13.3,30,30,5.4,8.1,,,,,
USW00003171,"RIVERSIDE MUNICIPAL AIRPORT, CA US",11/6/2020,2.6,,0.3,0,0,,27.8,12.2,260,260,9.8,11.2,1,,,,
USW00003171,"RIVERSIDE MUNICIPAL AIRPORT, CA US",11/7/2020,3.4,,3.8,,0,,13.3,8.9,240,230,10.3,11.6,,,1,,
USW00003171,"RIVERSIDE MUNICIPAL AIRPORT, CA US",11/8/2020,4.9,,0,,0,,15,8.3,240,240,13,17.4,,,,,
USW00003171,"RIVERSIDE MUNICIPAL AIRPORT, CA US",11/9/2020,1.4,,0,0,0,,16.7,4.4,50,30,4,5.4,,,,,
USW00003171,"RIVERSIDE MUNICIPAL AIRPORT, CA US",11/10/2020,1.7,,0,0,0,,20.6,4.4,270,270,6.7,8.1,,,,,
USW00003171,"RIVERSIDE MUNICIPAL AIRPORT, CA US",11/11/2020,1.6,,0,0,0,,21.1,3.9,270,260,4.5,6.3,,,,,
USW00003171,"RIVERSIDE MUNICIPAL AIRPORT, CA US",11/12/2020,1.4,,0,0,0,,22.2,5,280,270,4,6.3,,,,,
USW00003171,"RIVERSIDE MUNICIPAL AIRPORT, CA US",11/13/2020,1.6,,0,0,0,,21.1,5,270,270,6.7,8.1,,,,,
USW00003171,"RIVERSIDE MUNICIPAL AIRPORT, CA US",11/14/2020,1.3,,0,0,0,,22.2,7.2,40,270,4.5,6.3,,,,,
USW00003171,"RIVERSIDE MUNICIPAL AIRPORT, CA US",11/15/2020,1.7,,0,0,0,,30.6,7.8,110,40,4,4.5,,,,,
USW00003171,"RIVERSIDE MUNICIPAL AIRPORT, CA US",11/16/2020,2.5,,0,0,0,,33.9,12.2,100,30,5.8,8.1,,,,,
USW00003171,"RIVERSIDE MUNICIPAL AIRPORT, CA US",11/17/2020,1.7,,0,0,0,,28.3,9.4,270,250,5.4,6.7,,,,,
USW00003171,"RIVERSIDE MUNICIPAL AIRPORT, CA US",11/18/2020,1.9,,0,0,0,,21.1,7.8,270,280,6.3,8.1,,,,,
USW00003171,"RIVERSIDE MUNICIPAL AIRPORT, CA US",11/19/2020,1.1,,0,0,0,,22.8,7.8,270,280,3.6,6.3,1,,,,
USW00003171,"RIVERSIDE MUNICIPAL AIRPORT, CA US",11/20/2020,1.3,,0,0,0,,26.7,8.9,270,280,5.4,5.8,,,,,
USW00003171,"RIVERSIDE MUNICIPAL AIRPORT, CA US",11/21/2020,0.9,,0,0,0,,28.3,10,360,30,5.4,8.1,,,,,
USW00003171,"RIVERSIDE MUNICIPAL AIRPORT, CA US",11/22/2020,1.5,,0,0,0,,26.1,9.4,270,270,7.2,8.9,,,,,
USW00003171,"RIVERSIDE MUNICIPAL AIRPORT, CA US",11/23/2020,1.3,,0,0,0,,18.3,7.2,270,270,6.3,7.2,,,,,
USW00003171,"RIVERSIDE MUNICIPAL AIRPORT, CA US",11/24/2020,1.5,,0,0,0,,23.3,8.3,270,270,5.8,7.2,1,,,,1
USW00003171,"RIVERSIDE MUNICIPAL AIRPORT, CA US",11/25/2020,1.6,,0,0,0,,20.6,6.1,260,270,4,6.3,1,,,,1
USW00003171,"RIVERSIDE MUNICIPAL AIRPORT, CA US",11/26/2020,3.8,,0,0,0,,19.4,7.8,10,10,10.3,17.4,1,,,,1
USW00003171,"RIVERSIDE MUNICIPAL AIRPORT, CA US",11/27/2020,5.1,,0,0,0,,20.6,8.9,360,360,10.3,15.7,,,,,
USW00003171,"RIVERSIDE MUNICIPAL AIRPORT, CA US",11/28/2020,2.8,,0,0,0,,23.9,4.4,30,10,5.4,7.2,,,,,1
USW00003171,"RIVERSIDE MUNICIPAL AIRPORT, CA US",11/29/2020,2.3,,0,0,0,,26.7,3.9,10,360,5.8,8.9,,,,,1
USW00003171,"RIVERSIDE MUNICIPAL AIRPORT, CA US",11/30/2020,2,,0,0,0,,27.8,7.2,30,30,4.5,7.6,,,,,
USW00003171,"RIVERSIDE MUNICIPAL AIRPORT, CA US",12/1/2020,2.2,,0,0,0,,28.3,6.1,360,20,6.3,9.4,,,,,
USW00003171,"RIVERSIDE MUNICIPAL AIRPORT, CA US",12/2/2020,3.7,,0,0,0,,26.7,8.9,60,360,8.1,13,,,,,
USW00003171,"RIVERSIDE MUNICIPAL AIRPORT, CA US",12/3/2020,3.7,,0,0,0,,21.7,8.9,30,50,7.6,11.6,,,,,1
USW00003171,"RIVERSIDE MUNICIPAL AIRPORT, CA US",12/4/2020,2.1,,0,0,0,,23.9,2.8,270,270,5.4,6.3,,,,,1
USW00003171,"RIVERSIDE MUNICIPAL AIRPORT, CA US",12/5/2020,1.7,,0,0,0,,23.3,3.9,40,40,4,4.9,,,,,1
USW00003171,"RIVERSIDE MUNICIPAL AIRPORT, CA US",12/6/2020,1.7,,0,0,0,,26.1,3.3,270,280,6.3,7.6,,,,,
USW00003171,"RIVERSIDE MUNICIPAL AIRPORT, CA US",12/7/2020,3.3,,0,0,0,,23.3,8.3,70,90,7.6,11.2,,,,,
USW00003171,"RIVERSIDE MUNICIPAL AIRPORT, CA US",12/8/2020,3.3,,0,0,0,,25.6,16.1,30,40,7.2,11.2,,,,,
USW00003171,"RIVERSIDE MUNICIPAL AIRPORT, CA US",12/9/2020,1.5,,0,0,0,,24.4,8.3,250,250,5.4,5.8,,,,,
USW00003171,"RIVERSIDE MUNICIPAL AIRPORT, CA US",12/10/2020,1.5,,0,,,,18.9,4.4,260,270,5.8,6.7,,,,,
USW00003171,"RIVERSIDE MUNICIPAL AIRPORT, CA US",12/11/2020,0.9,,0,,,,16.7,7.2,270,270,5.4,5.8,1,,,,1
USW00003171,"RIVERSIDE MUNICIPAL AIRPORT, CA US",12/12/2020,1.3,,0,,,,14.4,8.9,60,60,5.8,8.1,,,,,1
USW00003171,"RIVERSIDE MUNICIPAL AIRPORT, CA US",12/13/2020,1.6,,0,,,,21.1,7.2,60,70,5.8,8.5,,,,,
USW00003171,"RIVERSIDE MUNICIPAL AIRPORT, CA US",12/14/2020,1.4,,0,,,,17.8,8.3,250,40,4.5,6.3,,,,,
USW00003171,"RIVERSIDE MUNICIPAL AIRPORT, CA US",12/15/2020,3.8,,0,,,,20,5.6,10,10,7.6,13,,,,,
USW00003171,"RIVERSIDE MUNICIPAL AIRPORT, CA US",12/16/2020,1.7,,0,,,,23.9,5,360,10,5.4,7.2,,,,,
USW00003171,"RIVERSIDE MUNICIPAL AIRPORT, CA US",12/17/2020,1.6,,0,,,,18.3,6.7,270,270,8.1,9.8,,,,,
USW00003171,"RIVERSIDE MUNICIPAL AIRPORT, CA US",12/18/2020,2.8,,0,,,,20.6,5,30,10,9.4,17,1,,,,
USW00003171,"RIVERSIDE MUNICIPAL AIRPORT, CA US",12/19/2020,2.1,,0,,,,23.3,5.6,60,30,5.8,7.6,,,,,1
USW00003171,"RIVERSIDE MUNICIPAL AIRPORT, CA US",12/20/2020,3,,0,,,,28.9,5,360,10,6.7,10.3,,,,,
USW00003171,"RIVERSIDE MUNICIPAL AIRPORT, CA US",12/21/2020,1.7,,0,,,,28.9,9.4,40,30,4.5,5.8,,,,,
USW00003171,"RIVERSIDE MUNICIPAL AIRPORT, CA US",12/22/2020,1.3,,0,,,,22.8,6.7,270,280,5.4,5.8,,,,,
USW00003171,"RIVERSIDE MUNICIPAL AIRPORT, CA US",12/23/2020,3.5,,0,,,,21.7,6.1,30,30,9.4,13.9,,,,,
USW00003171,"RIVERSIDE MUNICIPAL AIRPORT, CA US",12/24/2020,3.7,,0,,,,17.8,10,80,60,8.9,13,,,,,
USW00003171,"RIVERSIDE MUNICIPAL AIRPORT, CA US",12/25/2020,1.6,,0,,,,23.3,7.2,270,270,4.5,5.4,,,,,
USW00003171,"RIVERSIDE MUNICIPAL AIRPORT, CA US",12/26/2020,1.3,,0,,,,22.2,3.9,270,260,5.4,6.7,,,,,
USW00003171,"RIVERSIDE MUNICIPAL AIRPORT, CA US",12/27/2020,0.9,,0,,,,16.7,7.8,270,270,4,5.4,1,,,,1
USW00003171,"RIVERSIDE MUNICIPAL AIRPORT, CA US",12/28/2020,2.2,,29.5,,,,12.2,5,270,270,11.2,14.8,1,,1,,
USW00003171,"RIVERSIDE MUNICIPAL AIRPORT, CA US",12/29/2020,4.1,,0,,,,16.1,2.8,30,30,9.8,14.8,,,,,
USW00003171,"RIVERSIDE MUNICIPAL AIRPORT, CA US",12/30/2020,2.8,,0,,,,20.6,5.6,30,30,10.3,14.8,,,,,
USW00003171,"RIVERSIDE MUNICIPAL AIRPORT, CA US",12/31/2020,3,,0,,,,17.8,2.2,30,30,11.2,18.3,,,,,
